"x"	"y"	"z"	"id"	"BHD"	"h"	"crownLength"	"crownArea"	"crownVolume"	"crownDiameter"
-71,16672656	-49,81911278	-40,095	1	11,39583254	10,62	0	0	0	0
-79,32975701	14,86988299	-40,36	2	32,07026866	30,34	22,54	27,4	72,5	6,4
-13,00268439	9,914247642	-6,441	3	25,37930081	25,68	19,88	17,6	30,4	5,2
-113,500301	-16,04334732	-63,855	4	41,95868435	40,23	31,18	31,4	109,1	6,9
-113,3305269	-18,2902381	-64,635	5	59,98045714	47,03	21,48	93,1	246,3	11,5
-109,7765305	0,472153167	-59,854	6	42,9087	37,43	25,63	31,4	86,8	6,9
-108,6366091	-9,769889111	-61,166	7	41,86804444	38,63	29,53	27,8	104,2	6,2
-119,149723	-22,59088133	-68,017	8	46,87001905	37,48	33,18	141,3	157,1	15,6
-122,7447991	-20,15034701	-70,871	9	62,49184181	41,89	39,59	51,8	106,8	9
-123,7131157	-11,27927667	-69,609	10	55,87823529	39,97	36,47	52,3	130,2	8,4
-94,38470505	10,86789004	-45,218	11	57,67500351	34,22	0	0	0	0
-105,0104141	6,545440694	-54,414	12	20,86627438	17,99	0	0	0	0
-119,4233326	-11,85900277	-67,045	13	54,15190769	40,84	31,99	23,6	69,2	5,8
-109,144253	-2,761612381	-59,387	14	65,44228571	45,5	42,1	51,4	178,1	8,8
-98,25301015	17,63189062	-49,638	15	20,39698462	21,36	14,76	20	50,9	5,3
-117,7396634	-30,02997135	-66,895	16	34,37036879	37,17	12,32	13,7	36,9	4,4
-30,35483587	-17,11777718	-14,496	17	60,21770492	41,16	36,81	83,3	261,6	11,6
-79,36969976	19,66357215	-41,404	18	26,49657143	22,33	10,48	27,9	41,5	6,4
-125,6822254	-22,83259273	-72,378	19	53,83181395	38,23	0	0	0	0
-124,378587	-30,30100664	-70,946	20	43,68283304	3,26	0	0	0	0
-122,7045731	-29,518776	-70,336	21	37,63211429	35,75	23,85	22	84,7	5,6
-118,2220353	-32,220672	-67,3	22	33,76173333	28,73	26,23	26,7	99,6	8,6
-120,1582859	8,979920571	-63,164	23	57,76571429	46,07	32,97	50,1	103,6	8,4
-89,68477276	26,37663086	-47,655	24	36,58247619	33,54	0	0	0	0
-11,7760266	-10,87607761	-2,076	25	52,56419139	39,28	34,33	54,6	165,9	9,1
-75,87082365	8,402010726	-37,783	26	38,87063687	42,53	38,23	45,3	98,6	8,1
-117,0119541	5,768555048	-62,379	27	59,76007619	38,79	30,64	52,5	145,6	8,7
-27,67394669	-15,77434444	-13,115	28	49,70763526	28,57	0	0	0	0
-117,5557297	-9,301513562	-65,917	29	35,33421459	27,21	0	0	0	0
-121,0852447	-28,87547458	-69,916	30	51,1559322	41,03	14,53	26,7	86,8	6
-102,7489677	17,02068953	-50,815	31	13,20076012	13,75	9,55	10,2	22,3	4,1
-100,8797648	16,07828069	-49,506	32	18,17337931	16,83	13,48	16,1	45,3	4,9
-104,1532187	24,33248	-53,971	33	45,10053333	31,55	22,25	29,6	61,9	6,5
-10,87645684	12,90773395	-4,979	34	24,69431579	32,01	0	0	0	0
-110,4961837	24,9730956	-56,085	35	44,6306417	32,04	30,94	61,6	135	9,1
-100,4010103	23,76507971	-52,713	36	20,4371866	25,01	0	0	0	0
-103,3079095	13,96772933	-50,494	37	44,66883333	33,42	0	0	0	0
-119,8893654	23,03959669	-59,266	38	23,66206129	27	0	0	0	0
-109,1927627	22,84652667	-55,479	39	28,67626667	26,22	14,62	15,1	24,9	4,8
-107,764639	16,16316525	-52,665	40	13,3236817	15,98	0	0	0	0
-109,0499732	18,23433183	-53,916	41	8,509633803	5,9	0	0	0	0
-107,912606	17,68411959	-53,034	42	7,918204842	12,95	0	0	0	0
-103,6116525	16,7947125	-51,092	43	14,8335	14,8	11,3	10,3	27,5	4
-123,0177989	22,05055872	-59,999	44	14,27448073	23,86	0	0	0	0
2,195804	-12,99982231	2,775	45	15,35981538	13,32	0	0	0	0
-129,0132545	-36,44951807	-73,9	46	3,604840336	5,99	3,64	35,5	19	7,9
-82,99208426	-50,17759056	-47,313	47	10,53251507	11,58	0	0	0	0
-144,8500419	-31,84834048	-84,061	48	58,55230092	40,61	0	0	0	0
-129,3596861	-31,86714076	-74,352	49	60,3271619	43,25	13,5	48,9	99,8	8,6
-135,8709677	-32,41451714	-78,303	50	57,41611429	41,5	0	0	0	0
-131,7681157	-11,19890438	-73,872	51	70,82377682	46,94	44,79	48,2	183,8	8,1
-132,3562205	-7,041686378	-74,114	52	64,22425946	49,1	34,75	81	164,4	10,9
-146,4576436	-18,3700719	-84,567	53	49,68942857	35,99	0	0	0	0
0,737153396	-12,28576386	1,059	54	17,80538318	16,34	0	0	0	0
-133,4731715	-3,858065471	-74,394	55	29,63744706	23,32	14,27	20,1	31	5,4
-148,0131535	-2,927038394	-82,907	56	44,82671486	32,66	19,21	27,2	79,7	6
-142,9792554	-3,831762857	-79,966	57	55,64613333	44,28	18,13	40,8	90,7	7,5
-138,854589	-14,09487771	-79,651	58	66,31565714	42,84	0	0	0	0
-138,4472093	-28,48868267	-79,982	59	57,3944	40,75	36,9	29,1	92	6,5
-128,1943927	-1,136474286	-70,359	60	70,84664762	46,16	37,21	73	200,5	9,9
-136,2622743	2,833221368	-74,716	61	62,57178947	45,71	30,31	61,2	185,3	9,7
-124,3698359	2,919841279	-67,682	62	54,77339535	45,06	24,11	60,9	101	9,2
-141,9217131	-12,83851981	-81,421	63	35,59809524	26,65	0	0	0	0
-15,56206785	13,52863262	-7,52	64	13,9464	22,89	0	0	0	0
-143,2728946	-24,49743618	-83,074	65	26,49871227	23,21	15,86	10,5	26	3,8
-114,4043686	9,472380571	-59,745	66	51,00312381	32,22	0	0	0	0
-139,3485419	-8,270371429	-78,814	67	30,16041905	21,51	0	0	0	0
-141,7551433	-6,767726667	-80,116	68	35,22548718	29	0	0	0	0
-147,4389623	10,88480838	-80,41	69	23,34537143	24,41	17,21	15,8	27	4,8
-130,5358476	-7,758499688	-73,005	70	24,82821381	26,6	19,55	7,7	29	3,3
-149,6802027	1,877250667	-83,304	71	63,59733333	41,27	37,92	37,7	104,7	7,5
-147,8061161	17,27144753	-78,881	72	39,30987013	31,15	22,85	31,9	66,9	6,6
-119,6760465	6,6201248	-63,87	73	11,21985882	6,22	0	0	0	0
-155,1473562	-0,200254286	-86,881	74	60,92441905	40,75	29,9	48,1	118,4	8,3
-131,5647955	2,24811585	-71,222	75	35,03581955	19,22	0	0	0	0
-137,5219506	7,888471961	-74,844	76	54,294	35,41	28,91	47	104,1	8,1
-118,9378685	5,450907065	-63,132	77	70,39049093	46,06	30,86	46,9	136,7	8,5
-143,0439547	1,474592381	-79,187	78	56,08544762	42,52	33,92	42,5	95,4	8,1
-126,144269	10,48439312	-66,014	79	21,78902752	15,92	0	0	0	0
-141,7392899	5,682004952	-78,015	80	64,25737143	38,89	32,49	36	79	7,3
-156,6831688	-18,55682706	-90,481	81	14,24541176	4,04	0	0	0	0
-153,4310071	15,57917286	-82,308	82	33,00782857	27,26	18,71	21,9	40,8	5,6
-16,72950939	7,871453184	-7,737	83	28,62341899	27,35	22,3	18,1	28	5,3
-147,8385648	13,312555	-80,177	84	25,21823333	25,01	17,41	11,7	19,3	4,2
-149,7644674	9,878252281	-81,514	85	16,23653801	21,42	18,22	18,2	49,9	5
-144,6072187	13,44976267	-78,234	86	31,07706667	22,55	14,7	22,7	42,6	5,7
-158,7889786	13,84550472	-85,701	87	21,45876169	23,74	9,44	13,3	25,2	4,5
-157,0507827	11,29181362	-85,703	88	25,95868108	25,79	13,99	10,2	24,4	3,7
-115,5258313	15,92776315	-58,02	89	13,61711475	5,2	0	0	0	0
-160,034387	8,149205606	-88,452	90	30,55913636	27,64	17,44	19	43,3	5,2
-160,7953463	0,559454286	-89,739	91	56,23342857	35,54	24,94	42,3	93,7	7,6
-140,3975835	14,52479534	-75,099	92	13,90569634	22,08	17,48	32,7	76,8	6,8
-165,2745598	-2,069711765	-93,393	93	35,22223529	29,93	24,08	21,5	85,8	5,4
-156,2915193	7,020904	-86,509	94	29,43933333	28,22	17,17	27,2	61,9	6,3
-162,6474041	-16,4971328	-94,169	95	10,66086957	6,36	0	0	0	0
-167,5987721	-2,657053521	-94,151	96	35,92329577	31,37	24,22	18,3	46,7	5,1
-149,6060489	16,87059858	-80,011	97	25,59729537	33,25	20,45	31,8	71	7
-129,8460004	12,73448696	-68,699	98	27,37816812	31,51	25,76	23,3	93,4	5,8
-169,6733622	-8,068135587	-96,864	99	49,16892527	32,28	0	0	0	0
-163,2841027	13,34160019	-88,94	100	31,81394286	28,95	15,85	22,7	44,9	5,8
-159,6526052	10,46706142	-87,319	101	27,86158007	28,46	14,61	14,9	27,8	4,9
-161,5633989	16,77278748	-86,088	102	31,90530824	35,23	32,58	44,6	84,4	8,1
-171,0254317	-4,058801667	-96,541	103	39,533	32,53	31,28	37,2	104,9	7,2
-163,351016	7,291860381	-90,128	104	32,03805714	29,71	19,71	20,5	51,5	5,4
-153,7834136	19,24541483	-81,228	105	33,81587539	26,02	0	0	0	0
-167,0292256	-13,8357568	-96,193	106	23,12496	16,4	0	0	0	0
-167,5841502	7,133389796	-92,673	107	36,42658503	30,73	19,43	28,5	75,3	6,3
-156,5218274	14,77824567	-84,221	108	20,94724464	21,43	0	0	0	0
-170,7314416	2,041056434	-96,07	109	27,32414882	32,59	24,89	27,2	80,6	6,2
-167,3743744	1,362318592	-93,527	110	29,19740845	27,59	14,34	14,2	33,3	4,5
-157,4594109	-20,89553995	-91,197	111	11,69917676	5,01	0	0	0	0
-166,4297763	12,88259188	-90,804	112	19,47522208	25,25	13,5	17	35,6	5
-162,5376126	3,650150921	-90,416	113	14,30672368	17,76	7,96	11,5	17,9	4,2
-165,1600542	10,860286	-90,166	114	19,38196923	27,87	15,12	9,7	22,7	3,9
-172,3209856	10,91437333	-95,081	115	47,11875862	29,01	18,11	32	52	7,2
-173,6594222	-31,04493853	-96,442	116	23,8054065	23,33	0	0	0	0
-138,613877	-38,31348008	-80,014	117	11,33630926	8,51	0	0	0	0
-19,2301995	5,785620712	-9,195	118	32,49432028	26,55	0	0	0	0
-153,4712737	-23,58137135	-89,219	119	10,41452383	5,35	0	0	0	0
-172,8014881	-34,61034768	-95,452	120	35,69822366	30,63	29,68	59,8	172,8	9,2
-113,0922062	18,11223006	-55,486	121	8,561006342	1,59	0	0	0	0
-114,2347748	17,46898746	-56,234	122	10,84603432	8,87	0	0	0	0
-179,349996	-29,06823467	-96,061	123	49,19173333	33,7	20,9	22,8	58,9	5,6
-158,4236465	-33,8142772	-92,332	124	20,87436249	13,39	0	0	0	0
-174,7894076	4,102196025	-97,513	125	43,06986335	27,24	0	0	0	0
-187,6392787	-28,99759733	-95,689	126	26,8024	27,55	16	17,2	33,2	4,9
-184,0094992	-7,0738048	-101,299	127	41,06704	34,07	12,47	20,7	44,2	5,6
-175,2133376	-30,06037609	-96,248	128	14,18409398	18,83	11,13	7,5	15,6	3,4
-175,4509926	-30,1389515	-96,191	129	17,97633618	15,17	9,87	9,6	23,4	3,9
-192,4385437	-20,63353571	-96,345	130	30,65224791	29,23	26,23	18,7	52,6	5,3
-178,869516	-26,145412	-97,05	131	42,3432	33,68	27,98	32,7	105,5	6,7
-193,1943564	2,234049143	-102,526	132	44,19424762	31,6	15,25	22,3	50,2	5,6
-182,9422899	-31,57851084	-95,351	133	32,45238554	28,77	16,12	21,1	46,4	5,4
-192,2528337	-3,693521567	-100,944	134	21,21271753	27,72	16,32	19,5	45,2	5,3
-177,6551676	9,807845728	-98,192	135	28,58639402	30,14	19,49	18,7	49,2	5
-187,8703432	-26,4248282	-96,607	136	26,4454	25,6	19,45	13,8	32,5	4,5
-184,6138024	-24,65816701	-96,554	137	32,90795362	27,32	0	0	0	0
-178,2370929	6,855516863	-98,899	138	46,65278431	32,08	30,08	38,4	81,8	7,3
-133,6546053	-39,726956	-77,213	139	16,2752	11,82	3,77	5,9	7,6	4,8
-170,5695302	10,98837004	-93,466	140	26,41122807	27,39	12,89	10,2	17,5	4
-192,9116231	-19,76470581	-96,513	141	25,79852278	24,76	12,71	14,6	30	4,6
-190,237416	-18,11124114	-96,715	142	27,34045714	26,71	0	0	0	0
-177,3019747	13,97341337	-96,938	143	38,42119047	32,29	0	0	0	0
-193,9318379	-30,8676128	-95,994	144	25,96012422	23,96	15,21	26,1	46,8	6,1
-173,1457638	-31,47427767	-96,502	145	8,865689915	2,47	0	0	0	0
-195,8561592	-25,31321371	-96,841	146	32,5535619	23,11	0	0	0	0
-202,84674	-20,34429971	-96,977	147	30,66156938	31,35	27,45	28,8	70,2	6,4
-187,3292381	-23,16871333	-96,454	148	26,97238095	22,71	0	0	0	0
-204,4840575	-29,41792114	-94,221	149	23,0743252	25,09	0	0	0	0
-189,3901122	-23,59032863	-96,94	150	22,722	22,95	15,45	12,6	32,6	4,2
-168,658916	13,88092533	-92,116	151	37,1768	30,56	27,41	31	58,3	6,6
-196,7907943	-18,713834	-96,803	152	34,7976	30,6	16,65	35,1	91,8	7
-191,7311909	-2,925053235	-101,397	153	30,45682353	29,28	10,88	23,7	46,5	6
-197,4403726	-22,68987667	-96,715	154	34,13260228	28,49	0	0	0	0
-195,9415041	7,989652561	-103,999	155	13,51129825	29,1	0	0	0	0
-192,8991937	2,705073529	-102,662	156	15,51317647	14,84	0	0	0	0
-199,1100018	-30,96537389	-95,039	157	32,32629235	24,67	22,87	29,5	58,6	6,9
-201,1583826	-23,40069886	-96,821	158	28,22274286	24,59	12,09	20,5	39,9	5,5
-190,3666168	-18,32873944	-96,679	159	5,813469244	5,73	0	0	0	0
-190,612868	-0,972980282	-102,023	160	11,45731187	8,48	0	0	0	0
-197,1947228	-30,08418077	-95,923	161	23,08981538	20,64	0	0	0	0
-196,8278981	7,201697575	-104,075	162	11,38299473	20,87	15,22	10,4	20,9	4
-213,902615	-13,5388629	-97,229	163	29,11662778	23,15	0	0	0	0
-205,2029543	-28,749584	-94,503	164	26,31771429	26,54	24,14	16,3	17	4,8
-210,04363	-16,57804046	-97,123	165	33,36058462	29,96	25,21	26,2	81,6	6,1
-217,2499364	-14,64428052	-96,377	166	26,38695717	27,6	13,7	10,6	22	4,2
-199,2304003	-20,87883296	-96,888	167	28,04969014	27,52	22,37	16,5	15,3	5,7
-192,9725656	-8,740745864	-98,971	168	26,79257941	28,33	18,33	34,7	100,2	6,9
-186,6447849	-9,439524665	-99,647	169	33,53648145	29,44	0	0	0	0
-197,8291	7,71322	-103,903	170	33,324	32,59	16,19	21,6	49,9	5,5
-213,1936593	-11,86926639	-97,79	171	31,59980952	30,23	22,28	21,5	51,2	5,5
-191,9342851	-7,36994176	-99,517	172	24,054736	22,73	0	0	0	0
-206,7699139	-22,97422879	-95,661	173	44,49274754	33,4	23,75	29,9	51,7	6,3
-194,0024779	-6,71377688	-99,465	174	14,776912	30,38	21,58	18	39,1	5,1
-209,2251257	-2,300475474	-100,232	175	7,4868	12,03	5,28	2,8	2,6	2,2
-209,285515	-2,495796667	-99,96	176	23,03133333	22,24	0	0	0	0
-193,9160741	-20,5911136	-96,445	177	7,30390991	13,16	11,56	5,3	13,6	2,8
-199,2039061	3,265144805	-102,487	178	16,80969735	16	9,85	13,9	27,3	4,4
-194,1868495	0,515204541	-101,913	179	16,07988108	20,99	0	0	0	0
-207,4240406	7,300282394	-102,924	180	20,1151831	30,48	0	0	0	0
-192,7946509	-7,434088397	-99,41	181	11,0513486	14,61	8,11	4,7	10,2	2,6
-203,8178982	-3,249693474	-100,191	182	29,04717895	27,39	17,99	21,8	51	5,6
-198,5445508	0,235313784	-101,467	183	25,36497297	14,02	4,87	5,2	4,7	3
-206,3742941	5,311002476	-102,504	184	31,8008381	25,8	15,3	10,2	19,3	3,9
-211,2306383	-13,41256472	-97,658	185	37,50236066	33,3	31,4	25,9	81	6
-205,1284703	-5,924358286	-98,911	186	34,16765714	22,16	0	0	0	0
-200,6667107	-27,54713067	-96,355	187	30,06053333	24,65	15,55	21,5	50,3	5,6
-221,3352443	-3,120601197	-98,833	188	28,82979551	25,14	0	0	0	0
-203,5412291	-0,113238704	-101,266	189	30,72395175	27,18	19,98	15,7	35,1	4,7
-215,1604559	-8,909250486	-98,182	190	27,24849049	25,45	15,95	18,8	45,2	5,2
-203,8793496	-32,27924077	-93,466	191	31,21380162	28,24	26,89	53,4	110,1	9
-196,7383576	0,881023902	-101,822	192	24,37613008	25,9	15,6	17,6	34,8	5,1
-218,8668654	-13,72680793	-96,197	193	25,33599987	25,74	14,59	13,9	32,1	4,8
-210,7027383	-30,42713688	-92,543	194	9,478495413	25,38	23,68	37,2	80,9	8
-155,1282546	-22,97377351	-90,116	195	7,36802623	6,48	0	0	0	0
-188,866561	-6,541672626	-100,708	196	15,52682309	18,54	10,59	7,3	18,5	3,4
-207,0330899	4,016513035	-102,01	197	36,03412706	21,97	13,32	11,8	26,5	4,3
-200,722533	-32,62325849	-94,236	198	14,43557939	30,32	28,77	21,8	45	6
-183,7790956	-33,13287029	-95,051	199	12,96497143	32,14	0	0	0	0
-214,7351169	-24,6943522	-93,623	200	28,7231082	26,43	22,83	29,9	46,9	6,5
-204,6753769	7,81709932	-103,296	201	22,85355102	25,51	0	0	0	0
-201,3172112	6,307155238	-103,177	202	18,65131429	20,62	9,22	6,7	10,7	3,1
-204,0313846	2,316842101	-101,778	203	19,38937815	23,39	16,34	9,1	18,6	3,8
-193,9316835	-5,719890638	-99,855	204	12,40455927	11,16	0	0	0	0
-221,0933854	-26,73598527	-91,501	205	30,98181081	27,11	18,61	19,2	40	5,2
-216,4528501	-22,85075067	-93,934	206	10,61108571	1,83	0	0	0	0
-201,8689373	8,030268	-103,574	207	27,4632	28,43	0	0	0	0
-215,79177	-23,16713	-93,934	208	22,344	26,18	14,28	9,6	11,4	3,8
-219,1083294	-19,49447614	-94,189	209	17,31680687	19,29	10,99	3,1	5,7	2,3
-194,3173463	-1,169488955	-101,587	210	7,526865672	16,64	8,54	5,9	9,6	3
-209,9731626	-30,9271516	-92,516	211	33,23225003	28,73	22,48	34	58,3	6,9
-215,2617404	-15,4989625	-96,81	212	17,19463625	26,09	15,79	8,2	18,7	3,4
-214,479466	-20,855492	-94,651	213	28,0964	25,71	14,31	12,4	31,9	4,5
-193,223309	-4,081046276	-100,9	214	9,470259414	12,92	5,97	4,3	6,8	2,5
-211,9314042	-21,32083609	-95,285	215	25,43820215	24,79	13,24	14,2	32,7	4,4
-193,561547	-2,40671973	-101,205	216	13,04745946	6,49	0	0	0	0
-190,4083491	-0,741682667	-102,439	217	4,947893333	7,52	0	0	0	0
4,085782286	-4,969451429	3,115	218	10,68685714	23,14	15,29	26,3	70,3	6,1
-200,8955075	7,387232553	-103,611	219	8,003554702	25,28	0	0	0	0
-202,9976182	4,576094476	-102,696	220	11,66958095	22,64	15,74	9,3	19,7	3,5
-206,6444986	4,524763143	-102,262	221	17,69177143	20,58	13,73	3,6	5,8	2,5
-206,4463724	-1,983576	-100,421	222	19,94761905	7,22	0	0	0	0
-210,0804282	1,083552571	-101,371	223	47,96940952	32,84	0	0	0	0
-205,6392856	-4,67622579	-99,661	224	9,246130146	10,64	0	0	0	0
-200,0243524	-4,377107887	-99,999	225	46,57022535	29,46	17,76	29,3	52,1	6,6
-212,8291753	4,253057209	-101,504	226	33,97534884	29,55	19,05	30,1	83,3	6,7
-215,148004	6,519642	-101,76	227	20,974	24,96	0	0	0	0
-212,558099	6,419872903	-102,289	228	22,32034409	16,85	11,7	12,7	31,1	4,3
-206,4140879	0,494701303	-101,026	229	11,92545042	29,03	18,68	22,5	34,4	5,5
-220,6672142	-9,387772521	-97,35	230	13,80268908	19,76	13,06	13,3	29	4,3
-218,6888286	-30,27840929	-90,902	231	8,377264516	26,43	25,48	20,4	27,3	5,7
-228,1394018	-0,692352774	-98,98	232	15,72310433	18,46	7,01	7,2	9,7	3,8
-205,0954365	1,481153805	-101,536	233	11,22375221	12,92	0	0	0	0
-224,7975181	-22,16006066	-92,363	234	18,03398899	22,07	12,72	14,9	26,4	4,7
-220,6249424	-20,42393049	-93,416	235	23,10128821	25,78	17,23	14,7	38,2	4,7
-216,903137	-27,27312535	-92,309	236	29,14135849	21,1	16,65	15,9	32,1	4,7
-224,4987861	-24,77689163	-91,481	237	33,51455285	28,16	21,51	23,8	38,3	6
-229,5792565	-24,75968423	-90,888	238	17,99122628	20,05	11,2	12	20,5	4,2
-216,4169081	-16,70424503	-95,795	239	10,75268927	24,26	18,41	7,6	17	3,4
-217,9609659	-18,09885086	-94,944	240	28,63434286	20,28	0	0	0	0
-224,368289	-19,86077784	-93,244	241	10,46721569	28,22	27,02	9,6	10,3	4,1
-216,3020941	-21,33641094	-94,305	242	13,18875102	12,25	0	0	0	0
-205,9595256	-23,47822898	-95,896	243	4,408897959	4,04	0	0	0	0
-220,3392786	-30,00115	-90,498	244	21,09760784	26,65	24,55	30	54,2	6,9
-227,1890683	-15,35734295	-94,302	245	9,933410959	10,54	0	0	0	0
-229,8866392	-26,76615676	-90,096	246	28,11386667	25,12	14,87	26,2	42,3	6
-217,049744	-8,965696809	-98,005	247	8,416212766	12,17	0	0,3	0,1	0,6
-219,6281404	-8,213811135	-97,672	248	22,81567376	23,59	14,54	9,1	21,1	3,7
-222,3366076	-18,76795124	-93,84	249	35,18519774	26,52	16,02	16,2	34,5	5
-236,0335067	-9,939696667	-95,034	250	27,671	24,73	19,88	16	38,4	4,8
-225,4699988	-16,77634953	-94,044	251	20,15125581	30,61	21,96	31,4	44,8	7,1
-236,13188	-19,85771183	-91,311	252	25,36326667	23,25	16,4	23,8	69	6,1
-233,4910995	-24,30943193	-90,393	253	25,05132919	27,75	19,7	14,4	27,1	5
-208,6312812	0,732828804	-101,401	254	5,569720102	7,44	3,89	2,3	3,7	1,9
-226,2664076	-6,964798758	-96,982	255	39,45522981	31,28	17,83	24,6	51,2	6
-222,736732	-27,31317467	-91	256	25,5904	24,41	14,06	14,3	26,4	4,9
-230,7379739	-8,381166	-96,036	257	28,26021429	26,55	22,45	19,4	52,4	5,2
-230,5354818	-13,69685807	-94,013	258	10,88576258	13,86	3,96	7,4	11,2	3,2
-223,4281751	-13,8694419	-95,325	259	13,5977415	19,07	9,62	9,2	23,2	3,8
-242,6909254	-10,21049298	-94,429	260	12,23379672	5,76	0	0	0	0
-245,948001	-9,322774212	-94,056	261	27,90829304	27,59	11,19	12,9	20,7	4,4
-232,4036155	-0,943541459	-98,207	262	39,91584	30,81	25,91	32,9	72	6,9
-222,2600311	-4,150789377	-98,485	263	7,755082294	9,36	4,36	4,2	5	2,4
-234,7282164	-4,319816762	-97,227	264	29,93478095	21,77	0	0	0	0
-222,5731094	-21,99215805	-92,905	265	14,53580488	22,54	15,64	11,1	28,8	4,2
-226,9290224	-30,52668573	-89,264	266	19,41638629	24,96	0	0	0	0
-213,0489508	-13,49494446	-97,19	267	11,23460944	6,87	0	0	0	0
-218,606458	-18,2564116	-94,312	268	20,11896	21,37	13,07	8,5	21,2	3,8
-240,884689	-1,541362372	-97,141	269	22,90115385	21,27	0	0	0	0
-222,2023853	-12,73728192	-96,016	270	22,09696804	0,02	0	0	0	0
-240,9828426	-4,194010043	-96,5	271	20,21891845	19,37	10,97	8,6	20,2	3,5
-217,2487334	-9,084890218	-97,846	272	17,24375787	24,19	12,04	12,7	29,4	4,3
-13,63365209	-10,46652947	-3,368	273	16,95708411	22,65	0	0	0	0
-225,9706667	-1,967130667	-98,557	274	28,61973333	24,35	16,55	17	48,9	4,9
-241,2032161	-6,719586595	-95,462	275	23,77522162	23,81	11,31	11	20,5	3,9
-241,4582733	-0,847944	-97,244	276	15,80643077	21,87	0	0	0	0
-233,6100227	-6,778194615	-96,347	277	29,10303846	22,8	14,75	10,3	20,1	3,8
-227,5296039	-3,218183616	-98,166	278	12,85528814	21,31	7,71	7,4	11,4	3,3
-220,1356751	-25,64556039	-92,23	279	11,11843871	9,54	5,44	5,7	7,9	2,9
-229,3852721	-19,03391522	-92,546	280	19,36828499	22,24	18,24	18,3	45,4	5,3
-243,2038259	-13,37380762	-93,09	281	31,53222857	28,15	11,15	49,8	62,7	8,9
-245,9739951	-6,859012116	-94,85	282	22,83138551	21,81	14,41	16,7	37,2	4,9
-4,063436	8,386182286	0,254	283	51,59238095	24,11	0	0	0	0
-217,0160419	-27,81625497	-92,285	284	5,570140541	5,32	2,77	1,1	1,1	1,3
-243,6132506	-3,233567631	-96,345	285	31,33723695	26,74	21,04	28,3	52,7	6,7
-221,3987336	-30,01898547	-90,476	286	8,465263158	10,98	6,38	3,8	7	2,4
-220,4819916	-26,986938	-91,694	287	5,935111111	4	0	0	0	0
-233,6625563	-20,50558481	-91,372	288	5,944506329	17,12	12,07	5,3	7,4	3,1
-215,2184864	-23,39667286	-94,104	289	6,463950791	8,85	2,1	2,7	1,7	2
-232,8792891	-27,50273429	-89,66	290	32,63822857	25,78	22,48	41,1	79,4	7,8
-239,3085589	-23,40577756	-89,89	291	25,36448878	22,23	0	0	0	0
-225,1642548	-23,48231619	-91,574	292	17,77133333	12,94	0	0	0	0
-229,1123251	-17,31220879	-93,058	293	11,85835019	31,46	24,26	41,4	63,9	8,1
-229,2351688	-17,4722646	-92,907	294	14,65244	7,91	0	0	0	0
-225,1341593	-12,73871925	-95,277	295	12,46655	17,06	12,41	11,2	21,7	4
-241,960372	-8,490877333	-94,783	296	23,51093333	22,45	10,4	14,7	28,3	4,5
-244,6430277	-23,06539442	-89,645	297	24,44074419	22,36	17,46	29,4	45,3	6,3
-233,6651237	-22,43602894	-90,739	298	20,93576967	20,39	13,74	11,2	24,3	4,1
-233,48811	-13,02733076	-93,519	299	7,362705882	2,46	0	0	0	0
-231,2635034	-21,68807658	-91,614	300	58,99748892	19,94	0	0	0	0
-230,9477662	-12,92325953	-94,446	301	10,44616471	8,59	0	0	0	0,3
-227,522062	-24,70539626	-91,161	302	17,31021138	18,99	8,99	11,5	22,2	4,1
-234,7357308	-13,85267568	-93,46	303	11,52805405	22,07	13,72	11,8	25,5	4,3
-246,1370973	-10,81448533	-93,574	304	27,73413333	25,98	21,33	15,4	40,9	4,7
-229,2592588	-16,72417756	-92,808	305	6,535926829	13,98	10,08	7,8	15,3	3,5
-228,2114564	-24,23781832	-90,914	306	5,357305263	10,38	3,63	1,8	1,8	1,7
-248,8486812	-16,13635797	-91,929	307	14,49432131	16,17	7,57	11,9	17,2	4,1
-248,7827469	-15,97261295	-92,301	308	9,892170338	12,89	4,39	4,5	3,5	2,6
0,263246398	-10,85701528	0,649	309	14,42420329	18,39	16,89	12,1	30,3	4,1
-246,690505	-22,53208302	-90,194	310	8,675395349	7,57	6,57	33,8	13,5	13,3
-234,1944553	-7,421827907	-95,94	311	27,2439408	26,51	21,81	20,7	47,2	5,6
-214,3662657	-24,93234629	-93,899	312	4,497428571	2,34	0	0	0	0
-249,5731785	-8,749230388	-93,867	313	18,67536916	23,19	22,14	42,9	98,1	8,5
-224,5080845	-10,5719105	-96,421	314	33,9854	27,44	22,04	22,3	59,8	5,8
-246,0578246	-21,469792	-89,819	315	28,08281905	18,12	0	0	0	0
-235,7708068	-12,80130963	-93,833	316	5,956669388	8,76	6,91	5,5	2,7	9,3
-244,3817353	-10,60033132	-94,012	317	10,94770588	15,03	9,13	6,1	12,8	2,9
-247,723622	-10,1952583	-93,775	318	18,54500912	18,4	11,35	10,1	21,1	4,2
-242,6575326	-6,636976656	-95,286	319	7,526609836	8,94	0	0	0	0
-245,1809721	-22,35789515	-90,131	320	5,157861386	1,2	0	0	0	0
-1,683893514	-16,78731405	0,009	321	16,90437838	14,43	13,08	11,3	33,3	4
-244,351121	-9,479480422	-94,098	322	7,390762742	8,13	0	0	0	0
-222,2483407	-12,75601867	-96,016	323	30,642	27,94	15,54	17,5	34,2	5,1
-249,724928	-11,83512712	-92,665	324	24,52371862	20,81	0	0	0	0
7,942446208	-45,26776994	8,224	325	61,80816518	37,46	0	0	0	0
-193,9164051	3,787925322	-103,341	326	6,626420601	7,09	0	0	0	0
-8,583433524	5,49122019	-3,953	327	26,1624	20,32	0	0	0	0
8,392222341	-30,78006387	8,375	328	47,4036743	34,02	0	0	0	0
3,765383743	-36,23548588	6,099	329	54,86862745	34,02	22,67	41,8	89,4	7,6
3,516282286	-50,31045886	7,045	330	42,97870476	27,74	20,59	29,7	64,1	6,3
5,564686021	-45,22125084	7,823	331	4,217168869	1,33	0	0	0	0
2,124219727	-33,990833	4,836	332	55,00263636	33,8	26,4	42,6	131,3	7,7
1,184754857	-47,59622886	5,503	333	48,86348571	39,69	25,04	29,9	68,5	7,1
-2,637299331	-46,15550079	3,062	334	52,23187842	39,86	30,56	51,4	126,3	8,7
-3,905459575	-49,02260972	2,989	335	37,03941567	28,25	27,25	27,3	93,8	6,2
-8,764542617	-56,8615586	-0,037	336	39,5408785	26,34	23,79	27,1	88,4	6,1
-3,935801825	-61,54482379	2,62	337	29,57066667	23,98	0	0	0	0
3,2897912	-46,3545448	6,964	338	7,55328	0,5	0	0	0	0
-4,617713551	-23,09690531	-0,853	339	14,39374694	8,04	0	0	0	0
-8,053665654	-50,90901199	-0,239	340	26,17213181	17,53	0	0	0	0
-3,041953188	-57,30333884	3,486	341	46,5642029	35,33	32,03	21,5	71,4	5,4
1,480431714	-62,28855286	6,267	342	48,70611429	34,32	0	0	0	0
7,417324721	5,405270885	3,869	343	22,39682623	24,8	18,75	40,2	110,7	7,8
-8,210969408	-35,30775085	-2,384	344	17,11330511	6,59	3,49	3,1	4,7	2,1
-13,22978696	-56,37302424	-3,466	345	4,223126365	2,46	0	0	0	0
-8,531111245	-49,43643663	-0,089	346	32,05773494	22,89	0	0	0	0
8,021415	4,093769048	4,88	347	18,3162381	16,06	0	0	0	0
-45,95686133	3,119997333	-22,807	348	55,46213333	42,45	22	50,5	113,4	8,3
-5,656425524	-61,90567848	1,606	349	53,24460952	32,53	29,58	31,3	84	6,6
-27,86713638	-27,158788	-12,886	350	48,30902857	40,9	17,55	62,9	204,2	9,4
-26,17343345	-36,91345996	-10,805	351	56,35431537	38,97	30,07	36,8	148,3	7,3
-10,94598041	-43,08781369	-3,029	352	8,224245902	6,2	0	0	0	0
-20,57710903	-42,74300863	-6,049	353	39,3074813	28,33	24,08	32,5	96,1	6,6
-23,21065861	-50,37019981	-8,459	354	55,66114149	39,84	30,14	80,8	165,9	10,6
-56,25631703	-46,40443853	-29,027	355	52,06664915	41,69	32,14	59,2	183,7	9,5
4,875853422	-63,2261556	7,698	356	53,23822812	33,91	0	0	0	0
6,356529719	0,672698876	4,034	357	29,05344578	26	0	0	0	0
-3,006055231	-20,14250908	-0,378	358	13,74375385	9,93	7,73	6,5	16,9	3
-14,91062376	-54,23584281	-5,149	359	7,057933216	5,56	0	0	0	0
-4,898876054	-38,7021981	1,397	360	42,03254422	31,95	22,9	41,5	118,5	7,7
-6,458748	-29,45901333	-1,253	361	5,432133333	7,78	0	0	0	0
9,686885428	1,235632201	6,038	362	19,55700984	25,21	20,36	14,5	34,2	5
-29,08671067	-37,823682	-13,051	363	66,43666667	42,86	24,86	37,4	86,4	7,4
-35,2492859	-42,34587558	-16,288	364	48,88382462	33,98	26,93	41	132,2	7,8
-8,322122041	-37,77518276	-1,59	365	12,01835294	8,31	3,01	4	4,4	9,8
-11,98942019	-7,387381143	-4,15	366	78,74617143	29,64	0	0	0	0
-28,84327958	-34,09285568	-13,735	367	61,31286316	44,89	36,99	78,6	262,8	14,2
-7,731588954	-33,24701842	-1,858	368	8,08533578	14,55	11,8	25,4	60,7	6,5
-33,23075448	-37,16855124	-16,471	369	47,40426667	33,38	13,88	45,1	96,4	7,9
-14,82059875	-58,35120825	-4,788	370	10,37585	9,13	0	0	0	0
-40,24419676	-35,32828378	-20,495	371	47,91778378	32,85	0	0	0	0
-16,50070517	-22,55013605	-6,15	372	19,49424976	27,93	16,53	28,7	72,9	6,7
-32,01498458	-46,1983939	-14,92	373	49,71013559	41,13	33,58	41,7	66,2	12,9
-31,28885396	-43,4855025	-14,684	374	24,010125	21,94	20,84	19,2	28,8	5,4
-42,65939623	-41,3117066	-21,242	375	38,98083019	35,64	18,94	69,4	99,2	11,8
-44,35760514	-25,25739429	-22,455	376	58,88472381	44,45	29,4	61,1	120,3	9,1
-38,59454952	-25,20215619	-18,17	377	59,70914286	43,01	30,11	51,1	178,7	8,6
-53,13344433	-47,52683358	-27,277	378	42,61688333	32,24	22,39	25,8	80,9	6
-19,23784886	-22,77991714	-8,692	379	48,4704	37,26	0	0	0	0
-46,14288448	-45,09979034	-22,606	380	42,21993103	34,9	0	0	0	0
-50,87468112	-23,14597012	-26,936	381	33,31400803	41,75	31,9	39,5	107,4	7,3
-50,4760099	-13,67700571	-27,052	382	58,4751619	41,02	32,42	26,8	65,2	6,1
-60,79262486	-1,760989143	-31,509	383	56,8648	41,17	22,32	21,1	49,7	5,5
-48,34521924	-33,12479276	-24,643	384	51,92761905	32,15	0	0	0	0
-37,09938329	-19,87204429	-18,071	385	65,1324788	42,44	39,29	45,4	145,8	8,2
-41,68200371	-18,38807571	-21,883	386	58,59228571	41,46	0	0	0	0
-47,33769725	-10,4948749	-24,881	387	48,47568627	31,56	18,96	36,1	64,2	7,3
-49,45684298	0,914519794	-25,086	388	48,55675064	33,2	25,55	22,6	46,1	5,7
-44,28670715	-3,356004915	-22,584	389	27,32826807	18,83	0	0	0	0
-54,28426857	-37,33732476	-29,065	390	34,72209524	28,79	17,14	21,1	54,1	5,6
-24,62059952	-48,12035429	-9,014	391	10,39190476	3,27	0	0	0	0
-30,82595143	-6,799154286	-13,85	392	47,3212	25,4	0	0	0	0
-23,5371049	-4,822949398	-10,775	393	62,84605622	36,05	0	0	0	0
-16,78586209	-17,64815325	-6,125	394	62,610249	34,95	30,9	61,8	147,3	9,1
-33,2361299	-48,02537771	-15,713	395	45,21059048	31,87	23,27	34,9	75,9	7
-39,10712218	-40,28500249	-19,309	396	44,04948287	11,93	0	0	0	0
-45,87616267	-14,86404533	-23,995	397	35,81386667	41,94	35,84	45,2	98,8	8,1
-15,6424249	-0,829855882	-7,246	398	12,99168627	8,38	0	0	0	0
-25,15610087	-2,492609517	-11,231	399	59,1652112	33,39	0	0	0	0
-70,16673108	5,614046104	-35,613	400	71,09457028	45,51	33,66	55,9	115,8	8,9
-10,51960211	0,878340248	-4,439	401	25,26370186	20,64	0	0	0	0
-15,12164373	2,740185522	-7,195	402	35,0560597	29,23	0	0	0	0
-13,07087048	2,464261905	-6,035	403	16,5352381	19,83	17,03	8,2	19,2	3,5
-21,47074196	-20,98016549	-9,713	404	59,04023529	41,67	37,72	94,7	266,8	11,1
-7,046925429	1,855795143	-2,547	405	55,53531429	32,41	31,01	47,7	117,7	9,2
-39,92439822	11,67304827	-20,445	406	48,95538222	30,86	21,46	39,6	85,9	7,7
-33,67314646	-7,310795404	-15,782	407	42,94626087	38,65	35,25	55,3	151,3	8,7
-40,32417237	-2,146315763	-20,32	408	36,39027119	42,83	27,68	34,3	97,3	7,3
-10,96363895	3,476121579	-4,526	409	18,06480702	16,89	15,09	9,4	22,1	3,9
-37,17185652	-6,686861449	-17,539	410	51,99730435	41,24	33,24	48,4	116,4	8,7
-33,31831124	-14,17040876	-15,991	411	63,43382857	43,07	22,57	93,2	223,4	11,6
-60,09416598	6,606095193	-30,604	412	52,96	23,4	0	0	0	0
-46,01701431	9,054849412	-24,178	413	22,53501961	21,78	0	0	0	0
-50,12557288	-2,934708588	-25,908	414	42,9039096	33,69	31,39	17,6	25,5	5
-17,75176125	11,63194231	-8,512	415	26,51160125	26,46	12,71	10,7	19,6	3,9
-39,36660438	14,47823208	-20,262	416	29,09445833	24,8	16,8	15,2	26,6	4,6
-34,70890667	12,86373095	-17,001	417	32,67295238	30,41	0	0	0	0
-35,3727852	9,212003252	-15,841	418	26,57469919	13,05	0	0	0	0
-43,38517249	10,57869165	-22,061	419	26,84075789	18,34	11,79	27,4	45,5	6,1
-40,26243714	0,008611429	-20,509	420	58,52815238	30,64	0	0	0	0
-58,95890129	13,69705109	-30,7	421	23,15533185	25,63	14,43	30,8	59,5	6,9
-62,2275979	-27,79324476	-34,279	422	54,12251429	45,38	33,88	50,3	101,5	8,3
-51,66914915	7,641162726	-26,78	423	17,93078726	13,16	0	0	0	0
-58,63199549	-46,35607517	-30,007	424	48,9	35,46	29,21	30,4	56,3	6,6
-21,32156379	7,958831429	-9,641	425	10,5469	11,83	0	0	0	0
-13,4055182	-10,74552393	-3,434	426	38,83724138	26,82	23,97	28,6	65,2	6,6
-55,283604	-4,901317333	-29,003	427	81,588	46,41	40,36	56,6	157,2	8,8
-74,41762318	14,07506357	-38,432	428	31,08693679	24,65	19,5	25,4	63,9	6,3
-9,729052	-7,179673333	-2,095	429	56,2496	39,75	34,3	77,6	199,2	10,3
-57,46617667	-2,497228571	-30,542	430	68,34047619	41,43	0	0	0	0
-48,844154	7,54175	-25,317	431	23,5508	23,82	18,62	30,8	75,2	6,9
-63,32737676	7,999108762	-31,993	432	55,54068571	42,33	33,38	41	61,5	8
-41,11009429	15,72286429	-21,396	433	27,08314286	23,53	0	0	0	0
-66,509508	13,081294	-34,749	434	20,3472	26,46	17,56	33,2	59,2	6,8
-96,5819219	23,6514021	-50,583	435	39,92841905	31,46	29,46	50,6	109,2	8,8
-46,37523733	13,56153981	-24,144	436	45,38064762	33,43	27,38	40,4	82,7	8
-52,52507597	12,96313321	-27,735	437	26,88377719	24,75	17,65	26,4	46,8	6,2
-67,69147963	16,96303734	-36,007	438	23,51768167	27,88	18,83	30	56,3	6,7
-55,89109267	16,24185267	-29,727	439	23,73306667	26,58	0	0	0	0
-64,15815331	17,50275082	-34,36	440	20,89316717	32,77	0	0	0	0
-54,281956	-31,84556857	-29,189	441	62,46312381	46,09	28,05	75,5	260,2	10,3
-53,62336798	6,653860884	-28,295	442	11,75919217	7,6	0	0	0	0
-52,69770543	6,061918908	-27,133	443	8,255725429	5,3	0	0	0	0
-85,35668657	15,97020462	-43,289	444	23,55605138	17,83	12,63	17,2	42	5,1
-55,50829887	-35,27713133	-30,108	445	49,57844	32,54	22,84	24,5	24,8	7,5
-55,92082191	13,04974388	-29,168	446	18,8614029	18,25	0	0	0	0
-50,96219977	-33,4409354	-27,022	447	44,43101149	26,51	0	0	0	0
2,764151045	-7,227188358	1,912	448	8,20519403	8,06	0	0	0	0
-73,64077084	3,225638252	-37,352	449	30,69166434	28,84	24,74	24,2	54,6	5,7
-53,69061908	5,843518754	-27,753	450	11,68438033	6,08	0	0	0	0
-88,34503373	25,18689173	-46,762	451	34,696	30,49	20,79	24,5	53,8	6
-52,07385667	-27,05403833	-27,833	452	34,35266667	30,22	20,22	41,8	92,8	7,5
-68,82869448	-13,392776	-38,234	453	63,52365714	46,13	18,33	76,4	152,3	10,5
-63,3891249	-7,703526078	-34,714	454	50,81560784	37,96	34,16	32,5	84,9	6,7
-61,24467603	-45,48876589	-33,178	455	52,57503876	36,78	21,03	35,8	85,2	7,1
-68,76538942	-36,22569151	-37,982	456	53,12879678	41,56	37,46	22,1	62,5	5,7
-69,41491811	-39,20875432	-38,394	457	46,7156	40,81	15,31	42,2	84,5	7,7
-71,98075677	17,03396514	-37,834	458	32,19010642	27,94	21,44	30,2	65,3	6,8
-92,046042	19,52638286	-47,527	459	30,02051429	23,91	0	0	0	0
-61,72579826	-9,809503964	-33,811	460	61,12965908	44,77	25,82	25,8	57,3	6
8,092330246	2,659424561	4,808	461	39,76364912	18,01	6,41	8,2	14,2	3,7
-69,76837924	-3,46634019	-36,848	462	63,31500952	43,91	18,86	76,3	140	10,4
-78,41584856	-7,258172656	-42,258	463	41,77078075	33,99	21,49	24,5	64,9	6,4
-57,63352095	-27,10383219	-31,446	464	30,01946667	25,17	20,37	19	50,1	5,3
-57,93562886	6,165311714	-29,68	465	60,83097143	44,01	34,01	71,6	127,1	10,1
-65,2676785	-36,00782965	-35,269	466	45,3	1,85	0	0	0	0
-8,20569697	9,494218182	-3,941	467	31,87745455	24,53	17,18	13,3	25,6	4,3
-72,2081572	-2,7197636	-37,929	468	49,43952	31,07	23,77	27,4	64,6	6,5
-55,893424	-23,94384476	-30,407	469	50,70567619	38,75	33,05	26,8	79,5	6,2
-63,70214738	-36,94059333	-34,127	470	41,16319048	35,15	23,6	24,6	81,6	5,8
-68,92558313	-41,56280337	-37,94	471	32,94775904	27,76	21,06	21	75,6	5,4
-68,058392	-25,18280667	-38,378	472	46,668	33,69	0	0	0	0
-57,80666675	-24,44566744	-31,464	473	60,51044301	44,55	0	0	0	0
-56,72509696	-38,26989441	-30,071	474	50,7911003	36,23	30,23	24,3	70,4	5,9
-58,54962594	-14,36646966	-32,21	475	41,75426601	46,15	29	31,8	70,8	7,3
-83,38306905	-45,69155204	-47,03	476	69,94084672	42,74	34,84	62,3	146,5	9,2
-67,31961	-20,95075057	-37,636	477	59,04108571	46,67	41,17	64	83,7	9,3
-61,34293086	-11,62140457	-33,331	478	73,45817143	47,85	43,35	46	121,7	8,6
-90,277556	-28,38607333	-51,719	479	51,4992	41,51	34,71	40	117,2	7,5
-80,22843837	-26,01896976	-45,839	480	43,53154409	36,46	0	0	0	0
-70,49074724	-26,66862667	-40,166	481	60,12110476	43,27	0	0	0	0
-85,90277067	-35,0254139	-48,962	482	67,72891429	44,95	23,8	63	156,1	9,2
-92,60253339	-40,53734596	-52,427	483	55,92824965	37,28	27,58	39,5	154,6	7,7
-73,38514151	-49,56572529	-41,479	484	15,74468817	10,74	0	0	0	0
-79,74640137	-44,28045305	-44,699	485	72,51526316	43,23	40,73	57,3	132,1	9,3
-87,69688267	-29,87365067	-50,379	486	62,59893333	39,16	37,01	27,3	34	6,3
-76,44276089	-14,936612	-42,774	487	42,99767819	38,97	32,17	25	35,5	6,3
-76,98946626	-11,9970374	-42,608	488	21,97383566	18,29	10,39	17,6	35,8	5
-58,00739279	-16,40503593	-31,375	489	67,7420459	45,03	36,28	51,2	156,6	8,7
-82,23390076	-23,68818743	-46,876	490	63,58891429	48,2	41,85	58,9	116,3	9,3
-88,13194933	-35,57473867	-49,857	491	30,27093333	26,07	0	0	0	0
-82,33947677	-32,05170834	-46,719	492	78,54041116	44,06	0	0	0	0
-23,09620145	-29,75656309	-10,252	493	9,410181818	5,55	0	0	0	0
-70,99638795	-17,4952845	-38,949	494	37,97787952	24,2	17,65	31,5	68,4	6,5
8,82652998	-1,405018244	6,497	495	35,19693413	20,18	0	0	0	0
-78,06329486	-18,2726901	-44,139	496	74,94887619	44,35	0	0	0	0
-83,75080762	-9,959259012	-46,121	497	49,91034353	30,89	23,64	15,4	34,1	4,6
-86,70065105	-24,18031143	-49,549	498	69,6112	44,42	0	0	0	0
-94,21343364	-8,548871439	-51,218	499	45,72780303	42,01	34,01	29,3	56,2	6,4
-35,49953135	-0,566959888	-17,678	500	44,33424719	44,64	26,84	48,4	102,5	8,1
-74,84804773	-0,991695611	-39,036	501	40,20378055	37,29	26,94	17,2	52	4,9
-100,2923933	-2,756150933	-53,474	502	60,23893333	43,81	31,71	84,8	188,6	11,1
-79,37509095	-5,008045714	-42,047	503	67,59685714	43,79	0	0	0	0
-91,77544629	-4,870256	-48,713	504	46,32495238	37,52	29,17	48,7	99,9	8,3
-13,99708	6,420940857	-6,237	505	40,06331429	25,89	20,59	23,9	41,6	5,8
-70,30520974	8,401990526	-35,793	506	26,34564474	39,91	38,21	39,7	101,9	7,5
-96,7732089	-11,14636091	-54,135	507	60,85144357	46,17	29,22	85,5	207,5	10,7
-80,93408095	0,571116599	-41,213	508	55,18155102	39,39	0	0	0	0
-96,11892339	-3,814386271	-51	509	57,09620339	40,12	36,97	35,9	96,6	7
-83,610874	-3,47211	-44,171	510	71,35	35,31	0	0	0	0
-91,15039695	-19,22042324	-51,375	511	48,0408	39,35	26	40,1	132,2	7,6
-83,3638352	-11,4074148	-46,448	512	50,84328	44,5	40,35	28,9	93,6	7,1
-77,03963196	2,252396257	-39,259	513	33,92407821	29,01	26,11	12,8	39,7	4,2
-87,08014914	-10,68505143	-48,482	514	42,5332	41,46	0	0	0	0
-93,55271833	-42,71102733	-52,547	515	51,74226667	32,81	0	0	0	0
-59,3201107	-25,30087989	-32,561	516	42,30512432	31,81	26,46	35,2	69,5	7,1
-98,44581652	9,833645806	-47,533	517	45,83913604	37,33	16,03	42,2	49,4	7,6
-93,68416262	7,417910467	-45,175	518	43,05226168	34,05	26,65	34	106,6	7,5
-90,04205733	-25,089684	-52,179	519	47,73786667	48,72	42,27	34,8	89,9	6,8
-112,314071	-13,80520757	-63,282	520	60,53364324	47,21	30,21	60,9	229,4	9,3
-93,70405143	-10,59005143	-51,647	521	53,26337143	44,84	43,79	52,1	80,5	9,4
-107,6879539	-31,05112464	-60,65	522	64,92371564	44,58	28,63	64	209	9,4
-106,0760092	-7,324889719	-59,109	523	53,96719679	40,91	22,76	31,6	86,2	7
-80,26515103	6,776786342	-39,695	524	42,47399552	37,92	27,22	41,9	78,3	7,6
-77,12710998	-49,50745962	-43,753	525	12,38153532	13,42	0	0	0	0
-86,99678386	7,952198131	-42,695	526	67,97219938	2,09	0	0	0	0
-71,87850724	-45,79289962	-40,108	527	40,96182857	39,35	27,95	23,2	76,9	5,8
-139,5304	21,70632	-73,315	528	7	31,7	0	0	0	0
-83,82273	26,43186	-45,212	529	34,26	39,31	37,31	53,8	69,2	8,7
-82,95638	19,75704	-43,481	530	23,54	21,1	11,4	11,4	19	4
-83,6849	17,13831	-43,322	531	31,94	26,24	16,94	17,5	36,6	4,9
-75,94684	23,59654	-40,682	533	58,16	36,67	33,07	61,6	99,9	9,3
-174,315	15,663962	-94,812	534	27,28	33,91	31,06	50,1	104,1	8,8
-174,1771	8,024344	-96,731	535	34,7	33,79	20,14	20	40,7	5,4
-110,0029	12,92709	-55,769	536	59,96	36,11	0	0	0	0
-113,803	16,25465	-56,683	538	12	6,4	0	0	0	0
-102,24755	11,39129	-49,643	539	46,14	37,39	0	0	0	0
-97,54171	8,31969	-47,446	540	56,02	42,21	25,31	39,2	71,5	7,6
-23,90149	8,201551	-11,657	541	21,1	26,4	0	0	0	0
-19,45161	11,883532	-9,639	542	40,8	31,31	0	0	0	0
-6,458771	12,23795	-2,728	543	11	34,28	0	0	0	0
-86,3997	2,533294	-43,873	544	64,74	37,19	0	0	0	0
-75,15925	1,27315	-38,731	545	57	39,07	0	0	0	0
-72,16879	4,226611	-36,438	546	50,42	41,59	21,04	49,4	67,3	8,5
-11,42058	-1,837828	-4,81	548	4	19,57	0	0	0	0
-233,5274	-12,29069	-94,178	549	31,12	25	16,5	19,5	43,9	5,2
-232,9367	-12,07411	-94,403	550	4	6,61	3,06	1,2	1,3	1,5
-218,4671	-11,93628	-96,799	551	12,56	20,11	0	0	0	0
-216,951	-12,96014	-96,893	552	11,86	9,86	0	0	0	0
-215,6318	-10,99117	-97,848	553	14,66	2,41	0	0	0	0
-214,8245	-10,89272	-97,553	554	8	2,23	0	0	0	0
-214,923	-10,61706	-97,872	555	8	5,48	0	0	0	0
-196,3406	-6,501909	-99,399	556	41,68	31,71	0	0	0	0
-196,8919	-6,915394	-98,775	557	16	20,81	0	0	0	0
-122,9761	-3,784726	-68,345	558	42,6	43,68	35,18	36,1	57,9	7,2
-81,79469	-12,60573	-45,493	559	15,14	2,75	0	0	0	0
-74,15746	-7,722673	-40,044	560	37,28	30,31	17,61	21,6	67,8	5,5
-43,3108	-10,79427	-22,464	561	74,24	40,65	36,65	46,6	156,9	8,1
-27,97488	-11,54248	-13,388	562	62,2	40,54	15,24	21,3	54,9	5,4
-19,21533	-4,493556	-8,972	563	73,84	39,24	0	0	0	0
7,732757	-4,099761	5,757	564	27,74	21,06	19,06	5,8	18,6	2,9
6,925477	-7,309189	5,014	565	10	10,41	0	0	0	0
10,056146	-8,392124	7,414	566	27,32	15,08	0	0	0	0
-245,5334	-20,22327	-90,366	567	62,1	26,91	0	0	0	0
-225,4546	-13,45	-94,979	568	10	2,98	0	0	0	0
-224,4504	-14,37542	-94,991	569	7,34	11,85	0	0	0	0
-230,7905	-21,68031	-91,641	570	11	33,65	21,4	11,8	8,9	4,1
-217,4236	-17,17136	-95,489	571	17,96	25,11	21,96	7,5	19,9	3,5
-223,7834	-17,4864	-93,423	572	6	15,68	0	0	0	0
-38,76247	-18,19523	-19,111	573	66,66	38,45	21,2	30	74	6,8
1,2178401	-14,31635	2,284	574	46,14	12,52	0	0	0	0
3,698747	-15,83246	4,082	575	48,9	18,85	0	0	0	0
3,0292959	-17,25012	4,267	576	18,32	7,06	0	0	0	0
3,8562649	-18,13616	4,214	577	17,38	16,61	0	0	0	0
3,8759547	-19,69165	4,41	578	7	8,29	0	0	0	0
-0,5542363	-20,24296	1,691	579	41,88	20,95	18,9	73	250,9	11,2
-189,0972	-30,71551	-95,502	580	38,9	30,88	29,78	44,3	105,6	8,2
-156,5375	-33,33425	-91,116	581	21,86	11,49	0	0	0	0
-151,2237	-29,57351	-88,171	582	74,8	41,02	0	0	0	0
-141,8931	-28,13616	-82,347	583	68,88	43,08	23,73	59,5	136,3	9,1
-121,6766	-32,50728	-69,234	584	77,12	43,86	38,16	37,4	115,5	7,2
-77,69922	-26,75788	-44,091	585	76,64	44,39	0	0	0	0
-60,94803	-33,09797	-33,304	586	61,36	44,25	0	0	0	0
-154,2929	-37,05322	-89,701	588	5	15,59	0	0	0	0
-153,9606	-33,78473	-89,638	589	7	8,64	0	0	0	0
-151,0662	-35,16301	-87,75	590	8	10,09	0	0	0	0
-148,5656	-36,36408	-86,061	591	8	9,5	0	0	0	0
-145,5727	-37,26981	-83,919	592	8	7,72	0	0	0	0
-150,5936	-37,17136	-87,68	593	10	11,23	0	0	0	0
-149,176	-40,43986	-86,932	594	15,8	12,03	0	0	0	0
-147,8371	-42,01504	-86,159	595	7	17,61	0	0	0	0
-129,9635	-39,12064	-74,557	596	9	13,18	7,53	22,6	58	6,1
-73,33049	-43,05859	-41,125	597	72,7	45,38	33,28	23,9	76	5,7
-2,267243	-39,92792	2,882	598	41,24	30,64	25,09	24,7	95,8	6,3
-108,7231	-43,78473	-60,165	599	9	8,63	0	0	0	0
-104,4898	-44,94642	-58,655	600	6	10,5	0	0	0	0
-102,6413	-45,45835	-57,163	601	10	10,18	0	0	0	0
-100,7511	-46,56098	-56,458	602	9	12,1	0	0	0	0
-79,5531	-49,5436	-45,05	603	6	10,3	0	0	0	0
-67,18729	-49,9673	-37,155	604	7	9,42	0	0	0	0
-61,0431	-50,3482	-32,176	605	6	13,29	0	0	0	0
-27,85674	-45,16301	-12,526	606	93,54	43,83	39,38	53,2	190,7	8,7
-25,88777	-50,49893	-10,539	607	55,1	25,94	0	0	0	0
-2,50352	-51,95597	3,418	608	37,34	35,87	29,22	31,9	93,3	6,7
-10,042	-58,1659	-1,079	609	5	5,2	0	0	0	0
