"";"x";"y";"z";"id";"BHD";"h";"crownLength";"crownArea";"crownVolume";"crownDiameter";"f";"v"
"1";-4,087702095;13,81204495;-4,793;1;37,02601905;28,51;22,81;25,2;47;6;0,452307201386711;1,38846405654961
"2";-72,88694032;51,25995827;-11,169;2;43,70821622;27,08;21,18;44,3;92,7;7,8;0,428229746347698;1,73996911164731
"3";-69,26794081;72,11950813;-18,08;3;36,61777236;30,12;24,42;44,8;83,3;8;0,457505978129539;1,45119396333515
"4";-51,38842253;76,29967747;-22,043;4;15,2365977;31,8;28,6;16,9;28,6;4,9;0,556924629808721;0,322915898575359
"5";-10,4286691;65,79456581;-23,685;5;31,65623495;2,25;0;0;0;0;-0,31762131371494;-0,0562471547072975
"6";-1,004868571;80,45135;-27,953;6;39,82842857;27,51;23,46;30,8;49,6;6,9;0,440735913961907;1,51058530692923
"7";-56,49609724;59,69181926;-15,188;7;32,32796817;25,26;16,01;28,8;59,3;6,4;0,460245858127355;0,95426706720349
"8";-48,08438366;65,8510378;-17,134;8;34,58709756;22,23;0;0;0;0;0,440822211471499;0,920706164347805
"9";-10,43870388;65,78275463;-23,685;9;34,01359233;24,06;14,96;25,8;39,1;6;0,449830494583509;0,983420828338221
"10";12,19334281;20,2600386;-8,791;10;29,33224561;26,19;18,19;18,4;35,8;5,2;0,475345286710764;0,84125023298622
"11";-82,52116727;59,24802967;-12,812;11;29,66555024;28,79;22,34;45,6;79,4;8,7;0,48034736567066;0,955854470567344
"12";-28,3535578;73,0433572;-23,515;12;47,78936;29,78;0;0;0;0;0,425027361451029;2,27035564021184
"13";43,44931832;68,1433741;-29,632;13;26,48829517;23,16;19,51;24,7;35,9;6,2;0,47957089507344;0,612053335591256
"14";-62,97282886;68,17276143;-17,519;14;31,7852;29,67;10,37;19,6;30,9;5,6;0,473780040666667;1,11540884867584
"15";37,28330404;50,91232908;-23,818;15;19,08484301;20,6;17,65;8,8;28;3,8;0,514417410768784;0,303144675458315
"16";37,23516757;66,34233168;-30,34;16;9,852624277;23,8;19,8;24,4;47,8;6,2;0,56004122156613;0,101622687452188
"17";-76,40933902;62,31303154;-14,016;17;32,45543607;28,7;21,65;33;44,2;7,4;0,468995242557837;1,11356382151514
"18";36,02300987;49,78807684;-23,308;18;17,14096774;17,17;0;0;0;0;0,516253460065258;0,204547335716277
"19";-69,77472171;78,067894;-20,193;19;45,92382857;26,5;22,4;21,7;44,1;5,7;0,420516987895209;1,84584604114307
"20";41,38155857;58,44027114;-26,169;20;10,49851429;7,22;0;0;0;0;0,545419090032949;0,0340889089030605
"21";-60,83622057;76,85279543;-20,976;21;33,28828571;23,87;22,07;39,3;73,3;7,8;0,451960234507183;0,93891307359835
"22";15,34574587;19,97583034;-8,571;22;35,86204214;25,83;17,18;32,4;86,7;6,9;0,448824309003521;1,17101023658741
"23";-73,4329002;73,3701328;-17,931;23;37,50912;28,61;17,66;35,8;62,4;7,3;0,450976410489539;1,42572352382348
"24";-68,60442739;63,90117689;-15,244;24;32,76780235;28,43;16,48;16,6;32,8;4,8;0,467162093265286;1,12002822610072
"25";39,41917619;44,57039238;-21,184;25;23,31253333;14,94;0;0;0;0;0,458176112342295;0,292180926486181
"26";-73,73904855;80,21929638;-20,58;26;51,6246087;33,93;28,58;49,7;111,3;8,3;0,425427677593893;3,02143341320513
"27";29,33550981;40,56272658;-18,951;27;7,016968944;4,91;0;0;0;0;0,594876297258769;0,0112952837981025
"28";16,27031057;15,53031343;-6,854;28;31,19211429;26,14;9,89;25,7;38,4;6,2;0,467381457622354;0,933590814800476
"29";-44,1684896;74,53857296;-22,093;29;35,686512;29,11;23,81;27,8;51,5;6,5;0,458291516249983;1,33438794167236
"30";-14,58476786;65,84750037;-22,826;30;43,82899831;30,92;18,62;42,1;85,9;7,7;0,437877159414097;2,04270075329506
"31";-78,08363441;70,71;-16,506;31;30,52088136;25,34;12,29;21,5;41,5;5,5;0,467860587759178;0,867375389266655
"32";43,10833729;65,2359548;-28,341;32;22,81645198;22,51;21,06;51;120,1;8,9;0,497209155758141;0,457615489723898
"33";-48,60384152;49,22610324;-12,946;33;30,54140952;27,23;14,53;23,2;44,9;5,7;0,472965871056305;0,943507765261791
"34";-5,413196132;81,30161598;-27,462;34;24,81910433;21,17;14,52;19,9;37,6;5,4;0,481343763158315;0,492990213072009
"35";-71,50339476;57,05128286;-12,838;35;29,4987619;24,71;13,56;21,8;39,5;5,9;0,470364362161513;0,794336672140667
"36";-55,03948414;57,21810414;-14,739;36;30,14372414;27,01;13,01;19,5;45;5,5;0,474052739043884;0,913765883576735
"37";-54,39438755;76,8714649;-21,986;37;12,81061538;15,51;0;0;0;0;0,544325391906949;0,10881787926934
"38";-75,20660599;68,36899514;-16,012;38;39,49584181;28,36;17,46;26,3;38;6,4;0,444053027076936;1,54288548151565
"39";18,46241686;15,23911829;-7,295;39;43,18948571;31,31;15,81;31,5;70,4;6,8;0,440478146845512;2,02047453459037
"40";39,12676205;50,21100335;-23,605;40;20,74873514;24,19;22,84;23,3;56,4;5,8;0,514013299322018;0,420419991790533
"41";-81,83119029;76,86007086;-18,304;41;36,65611429;29,37;21,62;38,2;71,1;7,5;0,455641427886548;1,41224447361685
"42";38,91369103;67,48351862;-30,545;42;11,8837931;10,06;0;0;0;0;0,534736947438478;0,0596675517787892
"43";40,8592948;69,02495296;-30,682;43;10,49616842;16,38;14,43;18,8;39,4;5,1;0,555342582714278;0,0787093518150663
"44";-70,22907105;42,54436267;-8,437;44;39,18662857;27,85;26,05;79,8;117,6;10,8;0,44365156949427;1,49016000858052
"45";-33,62195517;76,29465997;-24,483;45;8,245523501;5,23;0;0;0;0;0,572224057198403;0,0159806393382255
"46";-67,33198629;85,80603924;-22,031;46;33,7679619;28,22;0;0;0;0;0,46291994991884;1,16993702827641
"47";-83,8024061;77,79970933;-18,074;47;48,82998095;30,39;25,19;32,1;54,4;6,9;0,424032729007724;2,41319863005861
"48";40,14995148;53,76626258;-24,566;48;13,73406452;14,1;0;0;0;0;0,532490275916635;0,111229207243951
"49";-82,39314744;79,99763899;-19,541;49;21,22822535;17,77;15,87;26,9;57;6,1;0,488944521705562;0,307513560857807
"50";-32,24943233;76,05351904;-24,422;50;12,53671233;10,09;8,99;9,8;17,8;10,2;0,526607442820659;0,065589657285423
"51";-79,76816705;66,71367219;-15,072;51;33,59611429;28,12;24,82;26,4;43,3;6,6;0,463302694311895;1,1549099515411
"52";-79,9451331;56,1694051;-11,874;52;17,65217391;11,02;0;0;0;0;0,472665927344909;0,127474162595198
"53";-72,68803322;87,88452747;-22,015;53;26,77157082;31,18;0;0;0;0;0,497764547745825;0,873650363868707
"54";-81,41123421;79,6238293;-19,392;54;8,470473684;7,83;0;0;0;0;0,565825074347097;0,0249660150310902
"55";4,892670286;11,43097257;-4,062;55;43,12622857;28,57;25,82;41,1;76,1;7,8;0,434017000234265;1,81129764880363
"56";-83,8238581;69,26220571;-15,426;56;29,21721905;26,55;18,8;15,8;20,1;4,8;0,476805465862959;0,848737488520413
"57";-64,60207088;41,25680339;-8,768;57;25,03480074;26,98;12,63;20,7;30,1;5,4;0,497371779141465;0,660543228212524
"58";-68,1409692;77,5455528;-19,957;58;40,48592;29,34;11,99;18,6;29,5;5,4;0,443554497828239;1,67534789231252
"59";-92,93594496;69,08101115;-14,713;59;27,66770358;31,79;27,74;58,5;116,1;9,4;0,494890619814364;0,945879601866429
"60";-20,65875457;16,77576629;-4,573;60;45,47388571;30,84;24,74;36,1;68,6;7,1;0,433378394374146;2,17067917045392
"61";8,625884096;17,81469289;-7,699;61;31,71293976;27,08;16,98;30,5;71,7;6,7;0,467839715395391;1,00071090700637
"62";-96,098126;74,95422533;-16,498;62;40,34666667;31,45;29,6;37,6;63,7;7,2;0,448816911679389;1,80465863894332
"63";-85,5393779;70,7745619;-15,744;63;39,89371429;28,49;23,54;31,4;48,2;6,9;0,443177542819533;1,57822537541933
"64";-76,80551661;89,44610403;-21,76;64;23,96358879;24,86;0;0;0;0;0,497626643389062;0,557953938669143
"65";12,33534924;28,15437521;-11,295;65;41,73993277;28,89;20,74;31,6;88,5;6,7;0,438762499619491;1,73448446984616
"66";-90,34304169;83,47365729;-19,501;66;19,92925424;22,83;19,28;17;38,1;4,9;0,515470081481451;0,367097436115773
"67";26,16910043;65,48769986;-29,206;67;6,847971014;1,83;0;0;0;0;0,687065444119336;0,0046308733561251
"68";-99,65612429;74,71754061;-15,424;68;26,83112747;23,09;0;0;0;0;0,477636828300519;0,623576105230948
"69";-90,20379441;79,50979814;-17,981;69;17,9338882;16,15;12,8;13,8;25,9;4,7;0,505552904461274;0,206242390538857
"70";-0,792755652;15,52415739;-5,955;70;35,89895652;27,98;16,68;33,3;62,1;6,9;0,454744582956595;1,28786036012648
"71";-89,90663086;79,951566;-18,193;71;9,925085714;13,56;9,31;11;20,6;4,4;0,557097264684252;0,0584452376797163
"72";-96,76847445;70,67474823;-14,88;72;26,35517211;28,78;16,43;31,7;32,8;7;0,494978708404002;0,777139354728894
"73";4,72867696;73,24461976;-28,023;73;13,85113476;11,03;0;0;0;0;0,516060223895737;0,0857702131797036
"74";-100,003006;81,84836467;-17,556;74;27,68253333;28,8;27,55;56,1;83,2;8,7;0,488948441396828;0,847533938765038
"75";-0,792427238;27,27034648;-10,848;75;37,97333333;28,12;27,12;23,5;53,6;5,7;0,448212109648773;1,42740175624611
"76";-93,0880461;84,38190076;-19,396;76;43,53478095;28,51;25,06;59,6;122,5;9,2;0,43273134567155;1,83644607827831
"77";-64,59856079;74,92424569;-19,665;77;19,96417104;21,37;16,37;23,1;55,7;5,8;0,511048960809923;0,341868807408947
"78";-77,6887276;76,3374446;-18,561;78;30,5268;25,41;14,01;19,4;34,4;5,2;0,468041694713777;0,870445636125686
"79";2,426815226;71,81451893;-26,199;79;39,49640899;28,26;26,06;41,6;91,4;8;0,443788597958672;1,53657372153129
"80";-100,6638322;77,38431935;-16,062;80;29,07286957;25,95;22,4;17;29,2;5;0,475824169871891;0,819689820950911
"81";-81,26999886;56,9925351;-12,104;81;31,0984898;26,65;16,6;18,3;18,8;5,3;0,469163406338285;0,94970740511416
"82";-76,74703804;80,67808947;-20,459;82;21,73087347;27,47;25,32;25,4;55,6;6,1;0,515762992286275;0,525476240137649
"83";0,262923692;41,53122908;-16,586;83;33,25544615;27,39;19,74;27,8;68,3;6,1;0,462699475913365;1,10079507661605
"84";-102,2986564;79,34670845;-16,431;84;31,07919398;24,49;18,54;9,2;7,8;3,7;0,462916065809914;0,860043492728897
"85";7,806972584;49,74815449;-20,246;85;37,95635955;27,43;16,43;29,1;33,5;6,6;0,446409441418265;1,38553711544889
"86";10,47550244;53,565177;-21,84;86;33,54641221;28,17;18,32;29;55,7;6,5;0,463611227873909;1,15431099392416
"87";5,238426873;72,71530203;-27,669;87;13,52629973;2,35;0;0;0;0;0,275227567111654;0,00929410743352859
"88";2,684530333;19,57529833;-7,584;88;33,74053333;27,53;15,58;29,4;55,9;6,4;0,461259270337856;1,13539005701773
"89";-76,46324519;89,40792061;-21,597;89;6,300142494;3,88;0;0;0;0;0,62816323552749;0,00759792262215928
"90";-38,67922982;29,87467006;-6,852;90;37,20706433;23,52;0;0;0;0;0,436371734017167;1,11592400642368
"91";-3,98029;19,07693714;-7,122;91;28,24257143;26,28;8,03;9,7;17,1;4;0,480407199539174;0,790921208311047
"92";-68,21454298;79,38838531;-20,907;92;8,474857143;19,67;0;0;0;0;0,562277729249824;0,0623892688372096
"93";-89,19124232;79,1821;-18,556;93;4,077747368;4,67;2,92;2,9;2,6;2,2;0,678744048586014;0,00413955282186928
"94";-1,217776973;20,07376141;-7,953;94;25,8155027;24,83;13,43;24;49,6;6,1;0,487986690839885;0,634213892565941
"95";-4,832829333;64,5185261;-23,865;95;42,33059048;24,25;18,3;33,4;50,3;6,8;0,422819051119606;1,44299499498792
"96";-5,474202775;30,96753998;-11,692;96;31,90669154;25,43;16,18;18,5;40,5;5,1;0,462437343180999;0,940270230902738
"97";-42,50896459;77,03984813;-23,649;97;7,930889952;1,82;0;0;0;0;0,615628715395291;0,00553508106290377
"98";-9,414885149;64,43926614;-23,212;98;28,1830495;0,28;0;0;0;0;-5,94263391593069;-0,103801315340934
"99";32,50289935;40,96269919;-19,596;99;9,065886179;4,9;0;0;0;0;0,559552636159402;0,0176989471329431
"100";8,612417644;45,54743496;-18,911;100;30,1218411;25,9;17,85;31,6;62,3;7,4;0,471157440420346;0,869598387193164
"101";40,590788;61,19375067;-27,029;101;19,48053333;15,22;0;0;0;0;0,488278544821309;0,221500066369821
"102";13,98385647;52,17636059;-21,546;102;30,05211765;29,17;20,72;21,7;36,7;5,6;0,479591794461215;0,992311935803417
"103";39,66678832;41,43737304;-20,284;103;18,37050932;15,92;0;0;0;0;0,500936885015376;0,211377301897106
"104";-4,05936941;52,82702715;-20,785;104;31,15805734;27,67;17,27;27,7;50,1;6,1;0,471568446566319;0,994911665229437
"105";-7,708876571;50,50862486;-19,276;105;29,8156;27,22;16,87;21,3;47,7;5,6;0,475969282152096;0,904573861716782
"106";43,10863887;68,25741141;-29,416;106;19,55890141;21,13;19,83;15,5;21,2;5;0,512936177733957;0,325642908311727
"107";35,56235628;40,58076106;-19,722;107;10,52951574;3,31;0;0;0;0;0,522629024101194;0,0150635799189566
"108";-2,917442134;29,80438018;-11,737;108;28,45306098;26,89;16,19;24,3;47,6;5,9;0,481039435512131;0,822468652119604
"109";-4,36129234;25,70610596;-9,952;109;22,66221277;24,42;9,97;17,7;37,8;4,9;0,503566481987002;0,496017480026217
"110";-0,226757241;30,48595931;-12,111;110;38,26868966;27,93;21,48;28,3;61,4;6,3;0,446761591920211;1,43523769075139
"111";-6,247993846;38,96068846;-14,31;111;24,52169231;17,47;11,77;25,3;70,5;6;0,466298908968088;0,384722922507242
"112";-5,270000571;22,3479579;-8,823;112;34,5856;28,24;16,94;17,2;27,6;4,9;0,460009802029138;1,22042835202523
"113";-36,8565408;63,0793377;-17,409;113;31,42795402;27,63;24,78;25,3;62;6;0,470388117988423;1,00822933047589
"114";16,77171551;69,62356819;-29,403;114;15,36688563;9,84;4,44;4,7;4,8;2,9;0,48749467606565;0,0889665142232968
"115";-39,55602304;66,52042373;-19,356;115;34,57037267;26,4;0;0;0;0;0,455120060580664;1,12778914288787
"116";21,2466653;64,26230984;-27,264;116;32,39593327;26,88;0;0;0;0;0,464625808088688;1,02944575389194
"117";15,15791264;69,97959804;-28,94;117;15,91102065;17,98;0;0;0;0;0,528578707268532;0,188966714411585
"118";-21,36089068;54,29160746;-18,857;118;34,88522034;27,79;17,04;18;25,5;5,1;0,457791481864118;1,21598740444275
"119";-10,19624267;24,91894533;-9,13;119;30,87973333;27,95;15,05;21,9;36,1;5,7;0,473382183458666;0,990901953310794
"120";-23,16961264;66,34585607;-21,887;120;39,0521;32,28;24,48;41,1;92,8;7,5;0,45440528523928;1,75693448383817
"121";-10,58998546;33,303736;-12,255;121;27,94472471;22,61;15,41;24;55,4;5,7;0,470581274729206;0,652566472396753
"122";-14,950948;13,15580667;-3,61;122;33,9456;26,99;17,44;21,9;32;5,5;0,459059338280868;1,12131742493567
"123";-12,12859943;36,95840152;-13,564;123;43,19093333;28,83;20,48;34,1;90,1;6,9;0,434521785659273;1,83540223970204
"124";-52,16105317;65,19584764;-16,568;124;31,60852033;25,17;18,27;25,2;69,4;5,9;0,46285581663216;0,914170398975294
"125";-63,47596419;70,3348493;-18,269;125;41,01339535;31,87;26,52;24,1;63,3;5,8;0,447769850231468;1,88529033676132
"126";-31,90658925;43,17001423;-13,171;126;40,01579016;30,32;18,27;34,7;57,6;7,1;0,447287586370767;1,70556673718602
"127";-40,80208292;33,64274995;-8,062;127;36,86748108;26,65;17;44,1;66,9;7,9;0,447803301488908;1,27397620950055
"128";-54,81512534;49,20230758;-11,63;128;25,66357764;25,14;13,14;18,5;37,3;5;0,489601910312912;0,636696784911685
"129";-46,89719123;26,09531003;-4,654;129;37,96032748;29,27;24,12;46,1;89,4;8;0,451155060601909;1,49450832227695
"130";55,69315743;-39,78857657;12,482;130;51,58731429;33,04;28,44;55,9;70,6;9,9;0,423704536825519;2,92603065111028
"131";56,75905363;-36,21135351;11,221;131;36,48243378;31,2;12,2;18;18,2;5,4;0,460305815885272;1,50126909120109
"132";21,51694069;68,7985121;-30,288;132;12,54781116;16,35;0;0;0;0;0,548002714916204;0,110796565093209
"133";-25,76341114;23,56380771;-6,633;133;35,72811429;26,38;19,53;28,6;66,7;6,3;0,450933015778838;1,19260574360175
"134";16,65913845;27,9139049;-12,118;134;37,06452245;28,41;18,51;31;69;6,5;0,451925955412728;1,38530441318
"135";-3,035622734;75,15363483;-27,761;135;9,148190312;3,11;0;0;0;0;0,555797779621008;0,0113615467381817
"136";10,90728577;39,73611577;-16,909;136;28,43805634;26,39;14,99;27,6;72,7;6,3;0,479818910908537;0,804278487984836
"137";12,04992038;46,61964876;-19,656;137;33,76845714;25,89;14,39;30,5;44,8;6,5;0,456591418392814;1,05869805052956
"138";17,3183411;69,64938046;-29,661;138;8,13194006;13,63;0;0;0;0;0,564135264517503;0,0399353342276931
"139";1,176763048;49,95666229;-19,959;139;33,86586667;26,6;15,4;24,2;34,4;6,6;0,458274724716823;1,09804922980114
"140";-27,73392522;43,50330843;-14,048;140;29,87049254;27,16;17,41;25,9;39,6;6,3;0,475585426556607;0,905175837725503
"141";-11,67782987;31,03471753;-11,341;141;35,43109091;29,21;17,46;19,1;35,6;5,5;0,459408288345462;1,32308977489042
"142";-23,67782504;58,29687728;-19,869;142;41,30402405;30,8;22,8;27,7;51;6,5;0,444608241094163;1,83485958982761
"143";-6,522687879;54,30461273;-20,559;143;42,37;31,44;24,04;35,6;62,6;7,2;0,443015725965071;1,96385079839656
"144";-4,046747067;44,5735284;-17,617;144;37,53674667;27,41;16,51;20,3;43,6;5,7;0,4477221876139;1,35806573806985
"145";-61,84653676;51,3497461;-11,743;145;36,98312381;30,37;19,22;20,8;37;5,5;0,456867063954934;1,49049906019376
"146";-60,72720138;59,80743062;-14,483;146;43,25916066;31,86;18,31;29,1;48;6,4;0,441483971383867;2,06731554805168
"147";-33,10015;76,314644;-24,511;147;7,418;7,55;6,35;5,5;8,8;2,9;0,575129092145906;0,018766177826712
"148";-90,00975882;82,75266176;-19,112;148;4,865882353;9,39;6,19;6,2;8,1;3,2;0,57338753144271;0,0100121403100887
"149";-42,39424076;76,80875486;-23,606;149;8,151161905;1,38;0;0;0;0;0,617123646038794;0,00444406286963986
"150";-60,24167505;55,98657752;-13,616;150;25,02670476;26,84;11,74;19,6;34,7;5,3;0,497085203387292;0,656312338874213
"151";-40,14689273;62,025985;-16,61;151;23,84440625;24,11;15,76;24,6;38,3;6,2;0,49621630319492;0,534233534478969
"152";-61,24306335;79,69304025;-22,464;152;8,973763975;2,6;0;0;0;0;0,560250281673335;0,00921286268635434
"153";-15,70074311;15,02907224;-4,4;153;30,77332706;26,64;14,89;27;40;6,2;0,470466563745438;0,932184270276009
"154";-81,90130348;80,3098871;-19,955;154;6,033768116;7,2;5,05;9,7;10,6;3,7;0,58789853674557;0,0121032495705243
"155";61,12974643;-33,37604313;11,925;155;18,12657028;31,51;0;0;0;0;0,542084951748648;0,440795258620684
"156";-47,2107623;20,61996475;-2,727;156;23,45569345;33,04;30,14;32,2;54,2;6,7;0,516444560817664;0,737310098039695
"157";27,27596178;49,02255944;-22,003;157;45,14456997;28,46;0;0;0;0;0,428276179191064;1,951011087809
"158";-28,82277134;25,56104774;-6,526;158;39,65792787;28,75;18,4;32,3;71,9;7;0,444564625686337;1,5787838315334
"159";-12,74336122;75,03396382;-26,424;159;42,92286005;28,28;26,98;37;78;7,3;0,43380581624961;1,77517822332654
"160";-17,97982143;32,68143476;-11,295;160;31,58342857;25,1;15,3;16,5;33,8;5,2;0,462744344497531;0,909962027083404
"161";-79,83816286;56,45096152;-12,269;161;42,48350476;26,82;14,07;23,1;26,9;5,7;0,43089010041402;1,63815822359801
"162";15,5453287;-7,267488917;3,496;162;8,241233028;4,9;0;0;0;0;0,573207278277385;0,0149824227221085
"163";-13,76327565;4,625487826;-0,388;163;45,61913043;28,68;22,83;37,5;60,9;7,4;0,427629984834967;2,0046159590497
"164";0,677283936;6,54953751;-1,061;164;36,53423293;26,13;21,28;25,4;35,6;6,1;0,447403573526611;1,2255434873192
"165";-27,45699333;27,99508705;-7,937;165;48,34704762;30,59;25,94;22,8;43,5;5,8;0,42566505213896;2,39043682470539
"166";-4,863096;42,79029162;-16,789;166;26,51059048;25,55;17,75;20,2;44;5,6;0,486546233339997;0,686188922400589
"167";-64,22693424;43,20465332;-9,256;167;33,86220738;28,02;25,87;22,7;47,3;5,7;0,46207235548435;1,1659999429664
"168";-59,18811043;68,25123567;-17,633;168;26,97197377;25,47;18,07;16;40,9;4,8;0,484117246308082;0,704522452059859
"169";-35,20152543;52,89073829;-15,907;169;50,3452;28,07;0;0;0;0;0,414360099677263;2,31540178517447
"170";-33,82387631;58,32815315;-17,354;170;32,03547072;26,57;18,72;24,5;50,3;5,9;0,465193102041306;0,996269698882743
"171";-8,295571502;8,946473648;-1,817;171;42,05769957;30,09;20,34;30,1;32,4;6,4;0,440820411744934;1,8427431003319
"172";59,46125304;-39,1722662;13,927;172;12,51115362;28,75;9,5;23;28,7;5,8;0,563022532036918;0,198997774416364
"173";20,42525282;38,50439551;-17,342;173;35,08099751;29,4;17,65;20,9;39;5,5;0,461069264166085;1,31022913254293
"174";18,74596532;36,34812972;-15,894;174;33,46804404;25,61;0;0;0;0;0,456888258354322;1,02936671397867
"175";0,665264952;47,99709181;-19,091;175;31,85287619;28,65;17,15;23,1;36,4;5,8;0,47119854979654;1,07576091160904
"176";-20,58977054;56,40114287;-19,378;176;36,61718563;29,91;21,11;36,1;52,6;7,1;0,457030286617491;1,43953158671283
"177";-6,422940108;45,81462627;-17,925;177;36,77158919;24,29;0;0;0;0;0,440644967243504;1,13666113188059
"178";-44,02240552;48,48321467;-13,247;178;31,18300952;26,26;18,01;26,9;53,9;6,1;0,467753245516893;0,938074795312863
"179";-18,29863632;62,49572118;-21,73;179;40,20737695;29,78;21,38;35,1;66,8;7,2;0,445450378413547;1,68432304221864
"180";-73,88393467;62,79431867;-14,201;180;36,6256;28,02;17,27;18,2;28,7;5,3;0,452381184594314;1,33546355897872
"181";62,22145596;-35,18708421;13,081;181;17,58522807;28,64;10,99;11,8;11,2;4,1;0,541110333581957;0,376395769211785
"182";-33,90200533;38,077892;-11,203;182;38,78106667;28,24;25,59;30,6;69,9;11,1;0,445958728474765;1,48760881291381
"183";-30,13022465;74,95707623;-24,103;183;11,01771695;12,2;0;0;0;0;0,549434510799637;0,0639070644148367
"184";15,30486952;-7,384409079;3,36;184;10,49212698;4,16;0;0;0;0;0,532496639283389;0,0191525744449136
"185";12,14124811;58,60864384;-23,574;185;26,28892527;23,01;0;0;0;0;0,480079560989468;0,59960518596768
"186";-41,12023029;69,45784543;-20,165;186;38,98691429;29,23;19,48;25,3;47;6,1;0,447828030237914;1,56267151802736
"187";-39,94708;47,2035423;-13,548;187;30,52393103;24,46;0;0;0;0;0,465157500946164;0,832582522230808
"188";2,272677255;44,62548627;-18,229;188;31,58176471;27,33;20,88;18;27,3;5,1;0,469011774373086;1,00412099091577
"189";15,071228;50,05364867;-21,179;189;38,35333333;29,85;11,4;14;23,1;4,6;0,451290709751521;1,55631262294367
"190";17,11384762;57,61617762;-24,294;190;41,93685714;29,49;18,74;24,6;41,6;6;0,439710568033468;1,79111436847357
"191";-72,35607218;62,06468295;-14,497;191;29,29148718;28,32;17,67;14,5;32,4;4,6;0,480852079793586;0,917650854718213
"192";-49,32368813;55,59309447;-14,299;192;43,22466667;31,37;24,67;30;77,1;6,4;0,440514904148066;2,02781491232733
"193";-49,01965619;31,56280362;-6,083;193;39,69066667;27,71;21,71;31,9;58;7;0,441711897836991;1,51440589647762
"194";3,496487143;9,30790619;-3,407;194;27,80657143;25,58;12,58;20,4;40,5;5,9;0,480508459786779;0,746425291532515
"195";6,553818261;17,74402348;-7,529;195;33,78452174;22,39;12,64;17,7;44;5,3;0,444550577796437;0,892279067416308
"196";-0,797438422;-5,566874198;3,385;196;37,10202545;27,84;25,84;51,1;85,2;8,5;0,450318257671117;1,35542004990388
"197";3,380136494;33,76088273;-13,117;197;32,04984416;26,25;18,7;20;54,3;5,4;0,46424682647394;0,983150437980482
"198";-9,705519661;13,6998839;-4,408;198;26,83789831;25;14,4;22,8;43,6;6;0,483452010309737;0,683723121185093
"199";4,589364867;54,73682396;-21,609;199;33,27976911;30,05;14,65;19,1;36;5,4;0,468979825906525;1,22588329757804
"200";-47,88192993;29,78479136;-6,225;200;46,60673732;30,65;26,6;22;46,5;5,9;0,43006473481729;2,24880394825299
"201";-56,97934533;34,89067267;-7,086;201;31,81706667;30,75;0;0;0;0;0,475944478373452;1,163621053035
"202";20,5297461;41,93131086;-18,808;202;43,43939048;29,6;21,4;24,6;60,2;5,9;0,43579639477846;1,91175692135648
"203";-21,01931689;26,89236879;-8,803;203;28,8896965;26,33;21,28;35;67,5;7,2;0,477656411305096;0,824408214846595
"204";19,2323061;48,91868325;-21,22;204;34,81701299;25,49;12,94;35,8;60,9;7,1;0,451510736284149;1,09574833034581
"205";18,08561333;44,749968;-19,55;205;40,99211429;28,31;20,56;13,9;21;4,5;0,439420993103954;1,6417657444517
"206";23,60349056;48,88571366;-21,648;206;31,61923944;24,96;16,81;25,4;48,7;6,5;0,462168193730048;0,905810509494017
"207";-19,96701686;45,94188886;-16,225;207;26,83502857;24,4;18,2;23,6;48,4;5,9;0,481727298173871;0,664790935244215
"208";13,34580533;43,64156357;-18,771;208;33,35824363;27,54;15,29;22,9;24,7;5,7;0,462706296694995;1,11369322907368
"209";-25,13680838;44,78746125;-14,568;209;31,736275;28,49;15,99;26,3;49,8;6,2;0,471274859846695;1,0621075718677
"210";-22,8458478;60,23278102;-20,523;210;46,18233898;30,31;22,11;38,2;56,4;7,5;0,430322444791639;2,18485019992097
"211";-15,98004182;50,87960126;-18,244;211;29,81306667;24,79;0;0;0;0;0,469235904248342;0,812027890480181
"212";-13,07108112;73,40903133;-26,001;212;35,06200858;26,18;21,83;36,8;69,6;7,2;0,452706737139085;1,1443267879784
"213";-34,85120667;42,05612838;-12,398;213;36,17386667;28,58;12,88;21,6;34,2;5,5;0,455334622979896;1,33743488689656
"214";-14,55969029;20,64315829;-6,856;214;44,3192381;32,87;19,67;31,6;41,7;6,6;0,440760819663543;2,23499800073251
"215";1,432698941;3,759803302;0,48;215;28,69216199;22,2;17,5;22,3;47,7;5,8;0,465559116004654;0,668258111302267
"216";-28,10413946;38,28339161;-12,098;216;33,92860714;27,32;21,12;31,8;60,9;6,6;0,460011636038058;1,13624361519596
"217";1,260201084;52,07601506;-20,665;217;28,35412048;25,01;16,86;21,7;32,5;5,6;0,47638108935372;0,752298935137556
"218";1,176741159;80,64904652;-27,961;218;28,98055072;29,35;24,05;69,7;183,4;12,9;0,484469055009495;0,937944837549486
"219";5,220529088;56,81415747;-22,488;219;30,51824209;26,84;15,44;20,3;37,9;5,4;0,472050348579977;0,926786594104185
"220";12,92998;41,86055467;-17,997;220;35,8552;25,67;0;0;0;0;0,448357808183812;1,16210343832554
"221";-16,46422914;24,47725219;-8,325;221;40,99801905;31,2;18,45;23,6;47,2;5,8;0,446377832538988;1,83853897245351
"222";4,572123458;60,37650271;-23,353;222;30,8886729;24,55;21,2;22,9;44,6;5,8;0,463902803861388;0,853427974786391
"223";-10,32688876;16,98869429;-5,597;223;36,03950476;25,71;16,31;25,1;50,1;6;0,447836156015519;1,17454251152556
"224";-30,7173255;46,18926463;-14,508;224;26,828275;25,4;16,35;21,9;42,6;5,5;0,484611516742481;0,695829485122033
"225";-27,01506671;41,44397925;-13,422;225;31,07898137;28,86;17,41;17,8;34,9;5,4;0,474735011752629;1,03937202275961
"226";-6,804235;12,34823;-3,404;226;33,306;26,33;15,33;13,4;23,1;4,4;0,459610846602971;1,05432854591785
"227";-49,15268194;77,4669921;-22,94;227;58,48454473;34,7;30,25;32,8;66,3;6,7;0,413023559040234;3,85013899061112
"228";-39,02339824;59,22472235;-16,807;228;44,23129412;31,24;19,94;32,1;74,6;6,8;0,437527726112423;2,10022478012527
"229";61,60783829;-22,31998579;7,192;229;27,34362857;25,63;0;0;0;0;0,482798353560808;0,726635413697455
"230";-18,06315314;35,128336;-12,276;230;32,74651429;27,2;15,95;17,7;43,8;5,4;0,464128713208204;1,0632303830937
"231";34,02181048;-29,857012;11,591;231;31,08190476;23,22;16,52;15,1;31,8;4,6;0,458635810890336;0,808044557554477
"232";-16,8128764;29,44003876;-10,159;232;38,09775281;29,48;16,43;29;44,5;6,4;0,451223059124611;1,51637761746864
"233";26,15935571;-7,937203333;2,718;233;26,15247619;23,32;18,77;20,4;49,8;5,7;0,481774955492867;0,603515291080904
"234";-14,15458343;29,60203562;-10,609;234;28,32537143;26,17;13,17;19,5;32,2;5,2;0,479742994617581;0,791140236254703
"235";60,33169052;-13,96628469;2,568;235;39,70747132;32,3;27,45;49,9;90,4;8,5;0,452476510971869;1,80980967031853
"236";60,27990927;-9,725119634;0,854;236;37,07033508;32,57;0;0;0;0;0,461161098800669;1,62111314947369
"237";16,65376035;-21,5455273;11,502;237;22,41513043;26,56;22,96;55,8;95;9,3;0,510100293952787;0,534633374929734
"238";-20,48751238;44,56877219;-15,384;238;39,40815238;26,86;18,71;23,3;53,3;5,8;0,440180266972466;1,44211072515501
"239";43,03729848;-10,14017295;-0,184;239;39,37935238;35,22;17,97;31,8;41,2;6,6;0,458856131593668;1,96830733838921
"240";52,761492;-8,851798667;-0,205;240;46,35554286;32,72;20,97;25,1;33,2;6,2;0,43525860965307;2,40355403219563
"241";50,95887524;-8,000278095;-1,217;241;46,33946667;36,9;28,35;41,7;63,7;8;0,44295340429054;2,75661651377405
"242";-25,85606711;52,5010488;-17,38;242;25,97456;25,08;16,33;23;34,9;5,7;0,487889501975463;0,648388473785084
"243";54,68418439;-5,075403952;-1,404;243;47,74216367;30,84;0;0;0;0;0,427715120827415;2,36136460541054
"244";35,9991499;-33,83537962;12,953;244;46,46937143;31,2;16,6;37,2;54;7,2;0,431681230586547;2,2842373971093
"245";-22,74355657;50,03222533;-17,64;245;44,69577143;29,33;24,38;28,8;43,9;6,3;0,431743644111904;1,98683028846329
"246";36,24577864;-3,495328475;-1,461;246;31,86735593;32,49;19,34;36,6;78,5;7,5;0,479120164141861;1,24158398975504
"247";56,89978257;-16,63016111;3,086;247;27,54975187;34,03;13,03;11,1;17,6;4,2;0,49912162548896;1,012496663658
"248";40,43814419;-0,456354667;-3,84;248;46,26179048;33,81;0;0;0;0;0,437669614080853;2,48728942205704
"249";42,39523733;1,08430019;-4,644;249;52,15367619;37,78;22,63;38,9;50,9;7,6;0,431123883932392;3,47955552011638
"250";31,151498;6,454098;-4,132;250;58,61;35,97;27,42;39,3;81,9;7,4;0,415166992414159;4,02899362168956
"251";30,46080068;6,566097297;-4,39;251;5,416540541;2,43;0;0;0;0;0,743649134474313;0,00416397609745378
"252";32,13082489;-1,409251245;-1,409;252;35,65327039;31,7;30,55;24;53,7;6;0,464097886731176;1,46878246839791
"253";-23,81394559;52,81679342;-18,079;253;31,95510559;26,97;15,07;12,7;20,1;4,4;0,466591327130813;1,00922500832585
"254";37,62160067;3,715814;-4,824;254;46,834;35,72;22,62;22;31,6;6;0,439767425690356;2,70611900973626
"255";41,40814944;6,603546087;-6,141;255;67,54131677;41,3;0;0;0;0;0,40837273266669;6,04276514949454
"256";30,83507087;-31,7091987;13,5;256;29,39692754;26,23;20,73;18;43,5;5,1;0,475172922146427;0,845948140366974
"257";35,765;4,186124;-4,033;257;51,226;37,85;26,2;34;62,5;7,1;0,433228821305093;3,37951202931772
"258";-26,71813982;56,31793719;-18,258;258;27,27336842;25,96;15,36;12;25,2;4,1;0,484013110828994;0,734056102823716
"259";35,6867421;-38,59679505;15,785;259;44,23721905;30,93;25,63;54,5;81,3;8,8;0,436811988935366;2,07653849251932
"260";30,15186672;-33,40064571;15,144;260;26,75825882;31,83;28,43;61,2;120,5;9,6;0,498980192244281;0,893152310998864
"261";34,01585914;-0,376595143;-2,658;261;43,88457143;31,68;10,98;33,1;68,3;6,8;0,439417353524852;2,10560053042901
"262";31,25208267;2,365264083;-2,762;262;5,074016667;7,88;0;0;0;0;0,587244620337053;0,00935704945158419
"263";-9,620572542;22,47465169;-8,274;263;28,59959322;27,04;17,39;17,7;28;5;0,480767957794507;0,835125598330445
"264";43,73802629;-4,344129143;-3,031;264;40,77034286;32,99;0;0;0;0;0,450737804062051;1,94126537685819
"265";32,96791958;6,769347576;-4,283;265;3,500988235;4,7;0;0;0;0;0,705174412617483;0,00319055023845233
"266";32,47528797;1,091143377;-2,566;266;8,014689311;2,58;0;0;0;0;0,594946701934342;0,00774392310554659
"267";-6,468228;17,215496;-6,056;267;30,9768;26,88;13,68;22,4;36,9;5,6;0,470272135779629;0,95266782171732
"268";42,76476327;-2,592936727;-3,179;268;5,346581818;1,28;0;0;0;0;0,960906209781637;0,00276142520975633
"269";38,87006136;-42,16407017;16,512;269;39,84622349;28,05;24,75;42,6;52,9;7,8;0,442159118443833;1,54659166624688
"270";6,144658667;1,185534;1,658;270;4,67327619;3,15;0;0;0;0;0,736856982666735;0,00398131495822517
"271";41,68944667;-2,409083238;-3,042;272;9,966742857;6,97;3,22;15,2;11;4,9;0,550648907385482;0,0299435955711166
"272";34,07105844;5,196178212;-3,849;273;3,749284916;1,41;0;0;0;0;1,27840888048859;0,00199010349348518
"273";54,86602804;-26,06976098;5,78;274;47,14635294;37,74;15,84;25,6;46,8;6,1;0,44234160243663;2,91437726376556
"274";20,30105047;-27,27165614;13,159;275;29,30827414;30,54;27,09;46,1;100,5;8,5;0,485545713500997;1,00039043065837
"275";54,28469506;-35,54604071;9,237;276;45,50522776;39,24;34,94;51,2;71,9;8,5;0,448567600152842;2,86265734183574
"276";45,00138205;-22,04438992;4,722;277;8,993195402;2,2;0;0;0;0;0,55916481802832;0,00781412690395469
"277";42,05678366;-19,05117057;4,326;278;38,20149593;29,76;0;0;0;0;0,451558273138413;1,54027175407568
"278";55,06397067;-22,95354533;4,554;279;37,58266667;32,68;28,43;37,9;69,5;7,6;0,459743270580993;1,66671941553685
"279";56,96575807;-25,18500456;6,175;280;47,35348706;35,83;13,53;28,3;34,2;6,3;0,438706763427069;2,7683114587741
"280";53,792768;-17,46740933;2,095;281;39,62346667;38,32;27,22;27;36,7;6,2;0,462977645751527;2,18766260308798
"281";57,31891827;-17,85273773;3,908;282;36,61384;34,6;12,85;12,4;14,6;4,3;0,466326962472546;1,69881882738042
"282";42,1638994;-16,78223391;2,978;283;42,66753648;33,5;21,15;32,4;50,4;7;0,44641431694552;2,13829657217861
"283";9,971520871;-0,205432743;1,608;284;24,60664244;22,8;0;0;0;0;0,488162261701589;0,529289950104399
"284";40,88182133;-12,74511181;1,502;285;37,53447619;30,62;15,32;20,5;34,7;5,4;0,455638561076995;1,54374746821942
"285";45,73543314;-12,88185238;-0,092;286;51,01173333;38,24;21,29;33,8;50,2;7;0,434305931074553;3,39424890586015
"286";44,95376;-18,43441333;2,736;287;35,39653333;32,3;11,1;23,9;34,8;5,9;0,466151134343792;1,48163288727323
"287";27,60451311;-14,66298119;6,562;288;41,85238734;29,58;26,93;47,6;104,7;8,2;0,440172506544589;1,79123033619259
"288";25,36805221;10,24197848;-5,335;289;5,026823529;1,88;0;0;0;0;0,856117076044255;0,00319424459499379
"289";23,15994533;9,84878;-5,602;290;11,24213333;6,3;0;0;0;0;0,524308986162355;0,0327880203004208
"290";25,13719367;7,5453714;-4,474;291;7,398733333;14,19;5,44;17,9;23;6,4;0,564336634189167;0,0344290682621628
"291";20,05374245;11,41395478;-5,883;292;11,84238367;7,03;0;0;0;0;0,51668443874617;0,0400081843585532
"292";34,03012605;-18,96020054;7,233;293;31,76343784;24,43;0;0;0;0;0,459904642395887;0,890299529925771
"293";38,26361314;-27,549628;10,074;294;51,06262857;34,68;26,68;51,4;95,6;8,6;0,428108189985629;3,04038681982112
"294";20,61252764;8,579807461;-4,876;295;12,30630835;9,94;5,64;14,6;23,9;4,7;0,528774837349382;0,0625176480800145
"295";8,515582857;-7,70349619;2,784;296;10,99619048;29,29;0;0;0;0;0,56152210927248;0,156192660427562
"296";17,25555525;11,78592692;-5,606;297;10,65193002;11,17;6,62;32,2;44,9;6,6;0,550538554076959;0,054800863478808
"297";-5,32730819;1,712646857;0,294;298;37,22007619;26,17;20,32;31,9;54;6,6;0,445202516070052;1,2676685902637
"298";-10,0913101;3,3922;-0,059;299;41,27592381;25,94;18,79;34,3;59,5;7;0,431694642491003;1,49840811461702
"299";3,781528381;-5,94740381;2,569;300;42,91413333;27,86;21,31;42,1;97;8,2;0,432677491416959;1,74355635399453
"300";-27,46694043;9,618581337;0,505;301;33,15240122;28,33;19,03;36,9;59,1;7,9;0,465471751276682;1,13830793904655
"301";19,94058931;9,858082033;-5,478;302;9,56424918;4,33;0;0;0;0;0,550041261991646;0,0171109771885097
"302";-42,48000873;18,10295539;-2,364;303;35,15921663;31,45;29,7;67,8;122,2;9,8;0,465268883092979;1,42066905115957
"303";-55,83246869;43,98638598;-9,285;304;38,2907957;28,54;23,44;26,8;64,6;6,2;0,448284807597997;1,47328461451121
"304";-45,40875581;45,36301676;-11,884;305;34,82727619;27,82;13,77;19,9;35;5,2;0,458075472161565;1,21401223865606
"305";-18,96264398;19,93573342;-6,113;306;37,6493913;29,49;14,14;30,5;46,3;6,5;0,452680319923295;1,48618264760964
"306";-16,38787067;75,099984;-25,866;307;38,43786667;27,7;26,2;31,4;62;6,7;0,445602241880771;1,43230520315239
"307";14,00345834;-6,192354667;2,551;308;12,98716101;5,02;0;0;0;0;0,456324285221304;0,0303455931110508
"308";-38,74473969;75,4016849;-23,097;309;59,67822449;31,79;29,04;66,9;158,5;10,9;0,404605938026586;3,59786156594753
"309";-1,614726667;46,86350933;-18,78;310;29,832;26,8;14,85;27,2;44,1;6,3;0,474821440029942;0,889446308333049
"310";-13,0941114;53,2915633;-19,367;311;27,27085358;22,95;14,55;28,9;51,9;6,3;0,475010107228581;0,636755764171508
"311";-34,78160381;47,98954971;-14,426;312;34,54087619;28,96;19,11;21,9;39,9;5,6;0,461932742471925;1,2535275568524
"312";-41,98730029;74,43414753;-22,56;313;31,36224887;27,5;25,4;21,8;45,3;5,7;0,47032175582821;0,999153093275528
"313";20,3596135;29,3203955;-12,499;314;39,69996667;26,04;0;0;0;0;0,436802317995381;1,40797868423912
"314";22,5247501;43,57913543;-19,53;315;34,42327619;29,3;21,9;27,3;44,3;6,4;0,463153142893553;1,26295105465176
"315";-45,98310162;72,05885892;-21,2;316;26,05429189;21,95;9,05;15,2;17,3;4,7;0,477625284349654;0,558946529284176
"316";-56,72973716;76,87614747;-21,562;317;43,60766316;30,68;0;0;0;0;0,437922256451759;2,00663269103134
"317";-64,14586143;50,93973171;-11,296;318;38,93725714;31,97;24,22;29,3;37,3;6,5;0,454124866069976;1,72877514861188
"318";-39,42923733;37,4017;-10,025;319;31,35226667;23,44;0;0;0;0;0,458272848469852;0,829295874103041
"319";-59,43489554;47,69304412;-10,833;320;29,87690987;26,59;15,49;27;44,9;6,3;0,474078635035768;0,883751077517836
"320";-51,13773771;51,77971286;-13,191;321;33,9964;28,56;15,61;27,4;45;6,4;0,462924255043197;1,20011781271944
"321";-64,87021465;63,61724047;-14,913;322;28,43458198;25,96;13,86;16,3;30,5;4,8;0,478687853803707;0,789115680639405
"322";-60,72587673;64,00486735;-16,203;323;32,3355102;27,2;15,1;20,6;41,5;5,4;0,465712808983063;1,04024683689766
"323";-9,398429209;64,47985159;-23,147;324;34,73445794;29,09;22,49;27,4;73,7;6,3;0,461555999208346;1,27226931923602
"324";16,347462;53,933846;-22,494;325;32,8964;28,09;16,99;25,2;34,7;6;0,465841413827842;1,11218353981912
"325";-43,978192;38,05571581;-9,584;326;44,96358095;30,2;20,6;37,7;69,1;7,3;0,433191295435982;2,0772957324755
"326";-17,48359036;5,863491308;-0,136;327;36,19468868;29,42;24,27;33,4;58,4;7;0,457302071257716;1,3842846693032
"327";-56,52388667;54,17131733;-13,325;328;32,16266667;28,07;16,72;15,8;29,6;4,8;0,468598419390517;1,06865423930019
"328";-68,953863;54,8136105;-12,423;329;29,99565;24,64;14,09;20,1;27,9;5,4;0,467984680084281;0,81485207543629
"329";-2,442779429;70,26988724;-25,702;330;43,38712381;26;23,15;39,7;55,2;7,5;0,425790660643014;1,63674522620161
"330";-3,668951333;72,9088165;-26,54;331;38,95486667;25,24;17,29;44;90,2;7,9;0,436595227217485;1,31335357375901
"331";-39,90732648;42,01421619;-11,615;332;35,1216381;28,96;17,86;30,5;53,4;7;0,459885830086032;1,29029196953426
"332";-70,50573205;66,66957219;-15,882;333;16,6036897;26,48;11,28;17,8;29,9;5;0,543333105002717;0,311518071880033
"333";-51,60598057;85,668272;-24,135;334;31,91074286;28,57;26,62;49,9;102,3;8,4;0,470784425021374;1,07571205887087
"334";26,73437084;34,78669039;-14,644;335;46,63470968;30,06;27,06;45,8;107,5;8;0,428576496595019;2,2005222434813
"335";39,86061409;63,93141925;-27,701;336;18,12464928;16,73;0;0;0;0;0,506739320018089;0,218730653106759
"336";27,68650081;57,10384783;-25,562;337;40,99074783;27,4;21;40,8;91,3;7,7;0,436924564582685;1,57985994922522
"337";2,956362571;60,93437857;-23,464;338;21,24485714;30,49;26,09;28,3;51,5;6,3;0,523816932374094;0,566153854843903
"338";-42,75731935;76,76794847;-23,293;339;25,703;20,25;0;0;0;0;0,472873037820298;0,496852058611426
"339";-24,25378403;75,63165688;-25,315;340;8,298590909;3,54;0;0;0;0;0,577315681117111;0,0110538918020155
"340";36,13391533;58,87088978;-26,532;341;17,41611679;15,13;0;0;0;0;0,504715610451177;0,181919060058696
"341";-3,624997606;62,12706606;-23,183;342;30,11591549;25,91;0;0;0;0;0,471210614175597;0,869690044012838
"342";-58,14627952;36,82590667;-7,415;343;50,2907619;23,95;14,55;19,8;27,8;5,8;0,400642255921117;1,90602495359573
"343";-63,0777227;40,69805719;-8,977;344;42,57407568;31,07;23,87;25,7;38,4;6,1;0,44163335475466;1,95336524677389
"344";37,80163381;53,86911143;-24,878;345;14,61504762;15,18;13,48;11,5;35,6;4;0,529008803718018;0,134717812413389
"345";-66,95589863;68,17289855;-17,043;346;35,77679678;29,89;11,49;24,2;43,7;6,2;0,459803117077062;1,38162637638322
"346";38,86826333;59,06645578;-26,385;347;9,257066667;4,14;0;0;0;0;0,555328753147363;0,0154734503509828
"347";38,92918137;46,92994311;-22,058;348;24,84101863;21,1;15,75;17,5;42,4;5,1;0,480959682058766;0,491835428929596
"348";-75,9091421;48,25158514;-9,974;349;29,86434286;31,38;28,98;23,3;39,8;5,9;0,484892246313828;1,06584483746314
"349";20,23241598;54,62053644;-23,569;350;32,67967816;26,52;16,87;22,4;41,5;5,7;0,462540989251217;1,02889052444972
"350";-50,85561214;85,36378493;-24,132;351;35,0731;32,31;21,86;40,2;90,3;8,6;0,467269649944136;1,45862186708043
"351";-65,12514706;54,22959549;-12,703;352;33,004;27,4;19,05;25,7;51,2;6;0,463674425565065;1,08689287970112
"352";-82,96724;91,28568;-21,698;353;40;31,51;0;0;0;0;0,449968296053263;1,78172298430614
"353";-96,78467;75,31969;-16,468;354;7,76;10,54;5,79;8,5;8,9;3,6;0,567458640554726;0,028287081911493
"354";-31,80555;75,79224;-24,235;355;22;21,33;16,98;31,9;29,1;7,2;0,498198180142841;0,403950579258365
"355";-61,52989;72,36862;-19,193;356;24,32;25,5;18,45;18,7;24,9;5,2;0,497414406366328;0,589217398635899
"356";-41,88431;65,73317;-18,763;357;35,6;27,51;18,81;19,8;37,2;5,4;0,454538636311942;1,24466154657141
"357";-8,763484;68,76539;-24,745;358;37,54;26,63;15,18;18,2;41,3;5,4;0,44550165679061;1,31310334562714
"358";17,12136;64,3352;-25,87;359;44,2;28,6;27,05;40;96,7;7,7;0,431164693059673;1,89209807382752
"359";42,55573;68,29284;-29,556;360;48;22,45;0;0;0;0;0,400042001182547;1,62515314485233
"360";3,284248;57,19021;-22,204;361;35,7;30,82;25,22;17,5;30,1;4,9;0,462112887673648;1,42563066548207
"361";31,76814;61,8173;-27,268;362;59,36;28,17;0;0;0;0;0,395721947925844;3,08499632560824
"362";-63,78437;38,88353;-8,024;363;34,74;28,68;26,53;30,5;46,5;6,6;0,460549991403303;1,25200318912189
"363";30,82303;39,08043;-18,246;364;58,68;34,27;0;0;0;0;0,41180975354565;3,81663672251691
"364";37,0426;38,29284;-18,953;365;14;12,14;0;0;0;0;0,520943354297887;0,0973543006951135
"365";39,12971;36,85549;-18,186;366;14;14,43;11,48;37,9;103,8;8,5;0,531419084839515;0,118045498624733
"366";35,01695;28,31253;-11,844;367;15;32,18;0;0;0;0;0,558297597635499;0,317485721551372
"367";-34,39475;14,11862;-1,149;368;52,66;29,62;0;0;0;0;0,413395772890853;2,66687510068705
"368";14,58377;23,29403;-10,037;369;31,04;26,17;22,17;27,8;72,4;6,2;0,468086839144711;0,926965262987282
"369";31,65;17,13115;-6,613;370;46,72;27,8;0;0;0;0;0,422369999948881;2,01295195403089
"370";-29,1179;11,16754;-0,318;371;20;30,76;19,56;49,6;85,3;8,6;0,530922473719038;0,513059003205703
"371";-4,591647;-3,597375;2,747;372;54,42;29,98;24,53;43,7;63,7;8;0,410568262269983;2,86301721428496
"372";54,53455;-1,451193;-2,011;374;44,26;35,62;0;0;0;0;0,44604187327012;2,44445612580091
"373";57,28872;2,447375;-1,725;375;57,54;36,56;0;0;0;0;0,418237420931917;3,9761125691023
"374";22,86092;-6,194033;2,346;376;40,12;24,37;0;0;0;0;0,429934172900022;1,32455264800806
"375";36,57989;-11,92375;2,624;377;33,78;21,78;0;0;0;0;0,442086248996238;0,862926991951822
"376";56,69803;-13,49893;1,492;378;32,54;31,18;22,03;21,9;33,8;5,6;0,474083587561933;1,22929470235158
"377";21,14791;-20,88019;9,46;379;55,74;24,79;0;0;0;0;0,391686073248831;2,36940045205892
"378";54,33765;-19,16718;3,022;380;60,78;40,78;25,13;26,6;36,2;6,3;0,418912506362688;4,95657657929791
"379";60,10436;-20,54547;5,66;381;25,52;28;0;0;0;0;0,497282706563774;0,71221744875656
"380";45,14254;-39,65943;13,658;384;66,04;26,75;0;0;0;0;0,379244499553925;3,47493821796955
"381";58,96235;-41,11647;14,987;385;25;7,92;0;0;0;0;0,346788249659157;0,134821592913208
"382";61,54171;-41,92375;15,977;386;30,3;28,47;27,32;49,5;65,9;8,6;0,476984781248519;0,979190357430163
"383";57,40686;-45,25131;16,073;387;58,02;25,14;17,44;48,2;40,3;8,5;0,38832689592937;2,58111928050096
"384";10,73443;67,8006;-26,092;388;42,98;27,75;18,15;45,4;118;7,8;0,43218541487317;1,74002624013717
"385";6,02858;65,08341;-24,753;389;35,1;25,06;0;0;0;0;0,449129740297664;1,08907300914598
